"RunID","Surface_type","Study","Target","Mean_Pressure","RSD_Pressure","Stable_Time_Pct","Flag_15Pct_Outlier","Success","analysis_accepted","PETN_Recovery_pct","RDX_Recovery_pct","QC_Status","Pressure_Outlier"
"MAIN_001","abs","Main",10,11.4286432160804,7.68811458356588,57.3544973544972,FALSE,TRUE,"PASS",16.0458369942987,13.9332625109598,"PASS",FALSE
"MAIN_002","abs","Main",300,300.020341151386,1.11760721666279,7.7504071515175,FALSE,TRUE,"PASS",16.8939725084477,18.4744335716512,"PASS",FALSE
"MAIN_003","abs","Main",300,298.112359346642,1.30584618981403,11.6183887585291,FALSE,TRUE,"PASS",6.82545788235461,3.49554501601775,"PASS",FALSE
"MAIN_004","abs","Main",300,296.401044776119,0.996819727755045,12.7043748355892,FALSE,TRUE,"FAIL: PETN 6ng QC bracket FAILED or unavailable",14.4994792004977,11.7237784632707,"QC Flagged",FALSE
"MAIN_005","abs","Main",10,13.2880349344978,3.747782303127,22.2194956647728,TRUE,TRUE,"FAIL: PETN 6ng QC bracket FAILED or unavailable",16.2930042224146,8.8090652392924,"QC Flagged",TRUE
"MAIN_006","abs","Main",300,297.898405017921,0.960915167819528,13.332211136275,FALSE,TRUE,"PASS",17.9647545678181,15.7820816471605,"PASS",FALSE
"MAIN_007","steel","Main",10,11.8401101321586,8.83153871091966,43.8077712206764,TRUE,TRUE,"PASS",9.79705501126123,8.56851233255504,"PASS",TRUE
"MAIN_008","steel","Main",10,11.2747777777778,8.52675431066217,35.1652491127884,FALSE,TRUE,"PASS",5.99376404112345,6.09368673298979,"PASS",FALSE
"MAIN_009","steel","Main",100,102.398976034858,1.96682069834128,19.356672075094,FALSE,TRUE,"PASS",31.9179005538482,38.4740167938815,"PASS",FALSE
"MAIN_010","steel","Main",10,9.08830810329475,17.8023458474567,103.389520675784,FALSE,TRUE,"PASS",3.61037508896067,3.969136631796,"PASS",FALSE
"MAIN_011","steel","Main",100,107.918153846154,4.63686128825458,5.34567063152381,FALSE,TRUE,"PASS",41.1955279518815,43.0794204209455,"PASS",FALSE
"MAIN_012","steel","Main",300,291.677868561279,1.70494456293788,10.8292500759194,FALSE,TRUE,"PASS",6.39912415496605,6.396112581526,"PASS",FALSE
"MAIN_013","abs","Main",300,296.945555555556,0.93188119393819,9.662017841437,FALSE,TRUE,"FAIL: PETN 6ng QC bracket FAILED or unavailable",12.6310664407061,10.8606326505094,"QC Flagged",FALSE
"MAIN_014","abs","Main",100,105.085134168157,2.48063450512501,21.8455129492061,FALSE,TRUE,"PASS",13.2422287595217,13.7144867438712,"PASS",FALSE
"MAIN_015","abs","Main",10,11.6089144050104,7.27670578421022,65.1208322375126,TRUE,TRUE,"PASS",8.77192989659098,8.05260374355491,"PASS",TRUE
"MAIN_016","abs","Main",100,108.273386809269,3.36067129147315,20.8066296587481,FALSE,TRUE,"PASS",21.9297027662482,19.4872151733159,"PASS",FALSE
"MAIN_017","abs","Main",300,303.458787185355,1.34874567874247,7.44814720784137,FALSE,TRUE,"PASS",13.602402604995,11.3659994068451,"PASS",FALSE
"MAIN_018","abs","Main",100,107.599116541353,2.61014185796337,20.1669602949325,FALSE,TRUE,"FAIL: PETN 6ng QC bracket FAILED or unavailable",23.8259545488409,20.809510286367,"QC Flagged",FALSE
"MAIN_019","steel","Main",300,296.41883424408,0.938186501530655,12.1419617304095,FALSE,TRUE,"PASS",35.3901193445227,32.8323747919584,"PASS",FALSE
"MAIN_020","steel","Main",300,289.066167883212,0.838149776483014,10.2261124140457,FALSE,TRUE,"PASS",25.5126011912032,18.3388467114975,"PASS",FALSE
"MAIN_021","steel","Main",300,291.28364990689,0.840451582671279,12.8873882188854,FALSE,TRUE,"PASS",22.6572832033084,22.3691879197939,"PASS",FALSE
"MAIN_022","steel","Main",300,295.499233576642,1.08304997029653,10.0498039215683,FALSE,TRUE,"PASS",17.9097197780726,20.1563100728154,"PASS",FALSE
"MAIN_023","steel","Main",10,9.92466071428571,10.5037055219346,64.3959598952907,FALSE,TRUE,"PASS",17.3900511667524,14.6301365403081,"PASS",FALSE
"MAIN_024","steel","Main",100,104.325968992248,3.06074063946474,4.99892800062363,FALSE,TRUE,"PASS",27.8791764456032,31.9003997062495,"PASS",FALSE
"MAIN_025","abs","Main",100,97.2333885819521,1.44559167814827,22.2910915268625,FALSE,TRUE,"PASS",11.8644293395384,18.8685724231419,"PASS",FALSE
"MAIN_026","abs","Main",10,10.083526119403,7.19662886367476,62.4855824682792,FALSE,TRUE,"PASS",3.9371046101765,7.32096055616408,"PASS",FALSE
"MAIN_027","abs","Main",100,91.3561080074488,1.03956199225478,23.2673822268298,FALSE,TRUE,"FAIL: RDX 6ng QC bracket FAILED or unavailable",10.8645618174681,20.6635477666719,"QC Flagged",FALSE
"MAIN_028","abs","Main",10,11.1453404255319,5.95149612896891,65.7404897442824,FALSE,TRUE,"PASS",4.56868030081513,8.97901468281948,"PASS",FALSE
"MAIN_029","abs","Main",100,95.6698899082569,1.43609418289757,22.9094778789105,FALSE,TRUE,"PASS",14.3995843716694,19.2044063702876,"PASS",FALSE
"MAIN_030","abs","Main",10,14.8051724137931,13.3102175084681,49.7055317955531,TRUE,TRUE,"PASS",5.59183236238283,8.09377838366507,"PASS",TRUE
"MAIN_031","steel","Main",100,91.4096153846154,2.6991251978863,21.0986184984281,FALSE,TRUE,"PASS",23.0942613029054,27.9812212639043,"PASS",FALSE
"MAIN_033","steel","Main",10,9.25304498269896,13.0157499367986,67.0125410570293,FALSE,TRUE,"PASS",20.8181329210553,37.3476046219119,"PASS",FALSE
"MAIN_034","steel","Main",100,102.314218009479,2.41092582872836,16.2317336573177,FALSE,TRUE,"FAIL: RDX 6ng QC bracket FAILED or unavailable",16.4928996141896,21.9936771106148,"QC Flagged",FALSE
"MAIN_035","steel","Main",300,283.93684021544,1.59402320152843,10.141022500612,FALSE,TRUE,"PASS",18.2821041376829,27.8592626689036,"PASS",FALSE
"MAIN_036","steel","Main",10,11.5546560846561,8.71286175381853,42.308173269306,TRUE,TRUE,"PASS",7.02667284908711,13.0032454098222,"PASS",TRUE
"MAIN_037","abs","Main",50,48.5259316239316,3.48718436484921,38.4948511778798,FALSE,TRUE,"PASS",7.24473433936214,13.3989142700863,"PASS",FALSE
"MAIN_038","abs","Main",50,46.1220462633452,4.52064928302457,37.8105781057797,FALSE,TRUE,"FAIL: RDX 6ng QC bracket FAILED or unavailable",8.43070625231658,16.0528315081442,"QC Flagged",FALSE
"MAIN_039","steel","Main",200,187.819920477137,1.62808123275881,13.0838956704226,FALSE,TRUE,"PASS",18.6992723546041,29.3693086061482,"PASS",FALSE
"MAIN_040","steel","Main",50,44.7791872791519,6.87385717283845,36.7497034400936,FALSE,TRUE,"PASS",10.5147653174295,17.7953565885108,"PASS",FALSE
"MAIN_041","abs","Main",200,202.965414634146,1.4932594012005,4.94204311558858,FALSE,TRUE,"PASS",14.3119284048207,18.494033343869,"PASS",FALSE
"MAIN_042","abs","Main",200,198.000367647059,1.76985374327788,13.4194474345168,FALSE,TRUE,"FAIL: RDX 6ng QC bracket FAILED or unavailable",10.215656552496,18.5809410407016,"QC Flagged",FALSE
"MAIN_043","steel","Main",50,39.9282624768946,5.5590619416282,37.8645385902233,TRUE,TRUE,"PASS",16.6765029841671,23.9365828382672,"PASS",TRUE
"MAIN_044","steel","Main",200,195.959896480331,1.73776537781499,12.0456621004562,FALSE,TRUE,"FAIL: RDX 6ng QC bracket FAILED or unavailable",27.7609470970197,43.1035974434422,"QC Flagged",FALSE
"MAIN_032","steel","Main",100,99.7697523809524,2.79653473805129,20.1636886271189,FALSE,TRUE,NA,NA,NA,"Unknown",FALSE
"PILOT_005","steel","Pilot",50,47.6494973070018,4.0492293972783,33.8300653594758,FALSE,TRUE,"PASS*",15.4334249601877,24.9697018311242,"QC Flagged",FALSE
"PILOT_009","steel","Pilot",200,205.208042635659,1.88599197702939,11.7050956938964,FALSE,TRUE,"PASS",17.0675623691599,29.1787818572288,"PASS",FALSE
"PILOT_025","abs","Pilot",50,52.1476119402985,4.83003952984175,37.7806389313577,FALSE,TRUE,"PASS",16.945734747987,17.880685984785,"PASS",FALSE
"PILOT_014","abs","Pilot",50,34.9976203208556,4.16281553797979,33.0986333927498,TRUE,TRUE,"PASS",9.25509492756823,6.73518853364722,"PASS",TRUE
"PILOT_023","abs","Pilot",200,191.502635379061,1.44264719587052,17.0579029733953,FALSE,TRUE,"PASS",21.1697555654999,15.3378343904913,"PASS",FALSE
"PILOT_031","steel","Pilot",200,178.162693726937,2.08304640462512,16.7120276006377,FALSE,TRUE,"PASS",25.1726367827308,23.8686577900681,"PASS",FALSE
"PILOT_015","abs","Pilot",NA,NA,NA,NA,NA,NA,"PASS",1.70433199081824,3.98730829339124,"PASS",FALSE
"PILOT_020","abs","Pilot",NA,NA,NA,NA,NA,NA,"PASS",3.02945434319528,6.40823237126856,"PASS",FALSE
"PILOT_026","abs","Pilot",200,192.812283464567,1.29727220202823,14.531788286877,FALSE,TRUE,"PASS",5.64441283574007,7.76206345496088,"PASS",FALSE
"PILOT_002","steel","Pilot",200,195.701472275335,1.56909437152713,14.6462455950116,FALSE,TRUE,"PASS",22.2730786790792,16.7154462853239,"PASS",FALSE
"PILOT_003","steel","Pilot",50,49.2716353887399,4.0631011214658,27.4287362003615,FALSE,TRUE,"PASS",11.3819351909408,8.47374663029195,"PASS",FALSE
"PILOT_006","steel","Pilot",200,203.029372384937,2.08771754827475,14.3432979749272,FALSE,TRUE,"PASS",26.275797748353,14.6190666484851,"PASS",FALSE
"PILOT_012","steel","Pilot",50,49.6175596330275,4.89925360254582,33.5241301907955,FALSE,TRUE,"PASS",13.2833541640552,13.4417490941532,"PASS",FALSE
"PILOT_019","abs","Pilot",50,52.534246031746,3.24679078032333,35.9322610052676,FALSE,TRUE,"PASS",12.1719760466544,8.21556770266146,"PASS",FALSE
"PILOT_022","abs","Pilot",50,44.6387128712871,3.51470107812731,37.4963880288944,FALSE,TRUE,"PASS",15.3982240882472,7.10548258416339,"PASS",FALSE
"PILOT_030","steel","Pilot",50,42.3769578313253,4.55868816941651,26.0103858895147,TRUE,TRUE,"PASS",11.2585324419148,7.49984225051661,"PASS",TRUE
