"Study","Dataset","Analyte","Surface","Conc","ICH_LOQ_ng","BelowIchLoq"
"FINEX","20260813","PETN","ABS-Smooth",0.195776348346277,2.03934014945111,TRUE
"FINEX","20260813","PETN","ABS-Smooth",1.32815077758593,2.03934014945111,TRUE
"FINEX","20260813","PETN","ABS-Smooth",2.38805953568305,2.03934014945111,FALSE
"FINEX","20260813","PETN","ABS-Smooth",1.80919153982492,2.03934014945111,TRUE
"FINEX","20260813","PETN","ABS-Smooth",2.05416938718253,2.03934014945111,FALSE
"FINEX","20260813","PETN","ABS-Smooth",0.341333050518207,2.03934014945111,TRUE
"FINEX","20260813","PETN","ABS-Smooth",0.813196519678672,2.03934014945111,TRUE
"FINEX","20260813","PETN","ABS-Smooth",0.969066879576711,2.03934014945111,TRUE
"FINEX","20260813","PETN","ABS-Smooth",1.401500273598,2.03934014945111,TRUE
"FINEX","20260813","PETN","ABS-Smooth",0.675725754864288,2.03934014945111,TRUE
"FINEX","20260813","PETN","ABS-Smooth",1.08991345739298,2.03934014945111,TRUE
"FINEX","20260813","PETN","ABS-Smooth",1.05933579958696,2.03934014945111,TRUE
"FINEX","20260813","PETN","ABS-Smooth",2.33496101021739,2.03934014945111,FALSE
"FINEX","20260813","PETN","ABS-Smooth",0.845292338778366,2.03934014945111,TRUE
"FINEX","20260813","PETN","ABS-Smooth",1.52996745523093,2.03934014945111,TRUE
"FINEX","20260813","PETN","ABS-Smooth",1.592241786176,2.03934014945111,TRUE
"FINEX","20260813","PETN","ABS-Smooth",2.23655578536151,2.03934014945111,FALSE
"FINEX","20260813","PETN","ABS-Smooth",2.37293701682131,2.03934014945111,FALSE
"FINEX","20260813","PETN","Steel",1.66297180894411,2.03934014945111,TRUE
"FINEX","20260813","PETN","Steel",6.96167763317211,2.03934014945111,FALSE
"FINEX","20260813","PETN","Steel",5.26974428636928,2.03934014945111,FALSE
"FINEX","20260813","PETN","Steel",4.83538129467271,2.03934014945111,FALSE
"FINEX","20260813","PETN","Steel",0.575176854350048,2.03934014945111,TRUE
"FINEX","20260813","PETN","Steel",3.62891036744387,2.03934014945111,FALSE
"FINEX","20260813","RDX","ABS-Smooth",0,1.32671241556569,TRUE
"FINEX","20260813","RDX","ABS-Smooth",0,1.32671241556569,TRUE
"FINEX","20260813","RDX","ABS-Smooth",0,1.32671241556569,TRUE
"FINEX","20260813","RDX","ABS-Smooth",0,1.32671241556569,TRUE
"FINEX","20260813","RDX","ABS-Smooth",0,1.32671241556569,TRUE
"FINEX","20260813","RDX","ABS-Smooth",0,1.32671241556569,TRUE
"FINEX","20260813","RDX","ABS-Smooth",0,1.32671241556569,TRUE
"FINEX","20260813","RDX","ABS-Smooth",0,1.32671241556569,TRUE
"FINEX","20260813","RDX","ABS-Smooth",0,1.32671241556569,TRUE
"FINEX","20260813","RDX","ABS-Smooth",0,1.32671241556569,TRUE
"FINEX","20260813","RDX","ABS-Smooth",0,1.32671241556569,TRUE
"FINEX","20260813","RDX","ABS-Smooth",0,1.32671241556569,TRUE
"FINEX","20260813","RDX","ABS-Smooth",0,1.32671241556569,TRUE
"FINEX","20260813","RDX","ABS-Smooth",0,1.32671241556569,TRUE
"FINEX","20260813","RDX","ABS-Smooth",0,1.32671241556569,TRUE
"FINEX","20260813","RDX","ABS-Smooth",0.905021063573353,1.32671241556569,TRUE
"FINEX","20260813","RDX","ABS-Smooth",0,1.32671241556569,TRUE
"FINEX","20260813","RDX","ABS-Smooth",0,1.32671241556569,TRUE
"FINEX","20260813","RDX","ABS-Smooth",0,1.32671241556569,TRUE
"FINEX","20260813","RDX","ABS-Smooth",0,1.32671241556569,TRUE
"FINEX","20260813","RDX","ABS-Smooth",0,1.32671241556569,TRUE
"FINEX","20260813","RDX","Steel",0.353706709731876,1.32671241556569,TRUE
"FINEX","20260813","RDX","Steel",1.66571232629446,1.32671241556569,FALSE
"FINEX","20260813","RDX","Steel",1.40134856068188,1.32671241556569,FALSE
"FINEX","20260813","RDX","Steel",0.901304607204565,1.32671241556569,TRUE
"FINEX","20260813","RDX","Steel",0,1.32671241556569,TRUE
"FINEX","20260813","RDX","Steel",0.905982483570466,1.32671241556569,TRUE
"FINEX","ABS-S-1","PETN","ABS-Smooth",1.70748696714062,3.72104006467789,TRUE
"FINEX","ABS-S-1","PETN","ABS-Smooth",3.62394506930745,3.72104006467789,TRUE
"FINEX","ABS-S-1","PETN","ABS-Smooth",2.56948181141444,3.72104006467789,TRUE
"FINEX","ABS-S-1","PETN","ABS-Smooth",4.19986181880143,3.72104006467789,FALSE
"FINEX","ABS-S-1","PETN","ABS-Smooth",1.53792689921071,3.72104006467789,TRUE
"FINEX","ABS-S-1","PETN","ABS-Smooth",2.66761281394836,3.72104006467789,TRUE
"FINEX","ABS-S-1","PETN","ABS-Smooth",2.38548358297141,3.72104006467789,TRUE
"FINEX","ABS-S-1","PETN","ABS-Smooth",1.84128846186143,3.72104006467789,TRUE
"FINEX","ABS-S-1","PETN","ABS-Smooth",2.63438689002048,3.72104006467789,TRUE
"FINEX","ABS-S-1","PETN","ABS-Smooth",5.32234383425547,3.72104006467789,FALSE
"FINEX","ABS-S-1","PETN","ABS-Smooth",1.49108646328802,3.72104006467789,TRUE
"FINEX","ABS-S-1","PETN","ABS-Smooth",0.830332030447805,3.72104006467789,TRUE
"FINEX","ABS-S-1","PETN","ABS-Smooth",1.84824248057561,3.72104006467789,TRUE
"FINEX","ABS-S-1","PETN","ABS-Smooth",2.36072412799045,3.72104006467789,TRUE
"FINEX","ABS-S-1","PETN","ABS-Smooth",1.98585591366715,3.72104006467789,TRUE
"FINEX","ABS-S-1","PETN","ABS-Smooth",1.8883262148435,3.72104006467789,TRUE
"FINEX","ABS-S-1","PETN","ABS-Smooth",0.860353246552688,3.72104006467789,TRUE
"FINEX","ABS-S-1","PETN","ABS-Smooth",1.42267573653043,3.72104006467789,TRUE
"FINEX","ABS-S-1","PETN","ABS-Smooth",0.701015223695356,3.72104006467789,TRUE
"FINEX","ABS-S-1","PETN","ABS-Smooth",1.0200035884881,3.72104006467789,TRUE
"FINEX","ABS-S-1","PETN","ABS-Smooth",0.448100038136798,3.72104006467789,TRUE
"FINEX","ABS-S-1","PETN","ABS-Smooth",0.719419342769615,3.72104006467789,TRUE
"FINEX","ABS-S-1","PETN","ABS-Smooth",0.497959700962612,3.72104006467789,TRUE
"FINEX","ABS-S-1","PETN","ABS-Smooth",0.517940533945591,3.72104006467789,TRUE
"FINEX","ABS-S-1","RDX","ABS-Smooth",0,0.4374064318309,TRUE
"FINEX","ABS-S-1","RDX","ABS-Smooth",0.0269181536967027,0.4374064318309,TRUE
"FINEX","ABS-S-1","RDX","ABS-Smooth",0.0859215742047526,0.4374064318309,TRUE
"FINEX","ABS-S-1","RDX","ABS-Smooth",0.00256418635990545,0.4374064318309,TRUE
"FINEX","ABS-S-1","RDX","ABS-Smooth",0.133675529502358,0.4374064318309,TRUE
"FINEX","ABS-S-1","RDX","ABS-Smooth",0.139839086903855,0.4374064318309,TRUE
"FINEX","ABS-S-1","RDX","ABS-Smooth",0.0518780735074437,0.4374064318309,TRUE
"FINEX","ABS-S-1","RDX","ABS-Smooth",0,0.4374064318309,TRUE
"FINEX","ABS-S-1","RDX","ABS-Smooth",0,0.4374064318309,TRUE
"FINEX","ABS-S-1","RDX","ABS-Smooth",0,0.4374064318309,TRUE
"FINEX","ABS-S-1","RDX","ABS-Smooth",0,0.4374064318309,TRUE
"FINEX","ABS-S-1","RDX","ABS-Smooth",0,0.4374064318309,TRUE
"FINEX","ABS-S-1","RDX","ABS-Smooth",0.0341872618151915,0.4374064318309,TRUE
"FINEX","ABS-S-1","RDX","ABS-Smooth",0.0257705683745178,0.4374064318309,TRUE
"FINEX","ABS-S-1","RDX","ABS-Smooth",0.43423725319553,0.4374064318309,TRUE
"FINEX","ABS-S-1","RDX","ABS-Smooth",0.461275436065826,0.4374064318309,FALSE
"FINEX","ABS-S-1","RDX","ABS-Smooth",0.375063584643184,0.4374064318309,TRUE
"FINEX","ABS-S-1","RDX","ABS-Smooth",0.367945980456288,0.4374064318309,TRUE
"FINEX","ABS-S-1","RDX","ABS-Smooth",0.288220204846457,0.4374064318309,TRUE
"FINEX","ABS-S-1","RDX","ABS-Smooth",0.497187487685662,0.4374064318309,FALSE
"FINEX","ABS-S-1","RDX","ABS-Smooth",0.106115115627513,0.4374064318309,TRUE
"FINEX","ABS-S-1","RDX","ABS-Smooth",0.0460805569273786,0.4374064318309,TRUE
"FINEX","ABS-S-1","RDX","ABS-Smooth",0.0177516610070074,0.4374064318309,TRUE
"FINEX","ABS-S-1","RDX","ABS-Smooth",0.0222175069750969,0.4374064318309,TRUE
"FINEX","ABS-S-1","RDX","ABS-Smooth",0.152566483717913,0.4374064318309,TRUE
"FINEX","ABS-S-2","PETN","ABS-Smooth",2.42592984657843,4.31607376994865,TRUE
"FINEX","ABS-S-2","PETN","ABS-Smooth",1.37147628243348,4.31607376994865,TRUE
"FINEX","ABS-S-2","PETN","ABS-Smooth",2.62870332661571,4.31607376994865,TRUE
"FINEX","ABS-S-2","PETN","ABS-Smooth",0.862435950786801,4.31607376994865,TRUE
"FINEX","ABS-S-2","PETN","ABS-Smooth",1.83550960852814,4.31607376994865,TRUE
"FINEX","ABS-S-2","PETN","ABS-Smooth",1.26319690942145,4.31607376994865,TRUE
"FINEX","ABS-S-2","PETN","ABS-Smooth",5.02658891219208,4.31607376994865,FALSE
"FINEX","ABS-S-2","PETN","ABS-Smooth",4.78842974892618,4.31607376994865,FALSE
"FINEX","ABS-S-2","PETN","ABS-Smooth",7.82255928955907,4.31607376994865,FALSE
"FINEX","ABS-S-2","PETN","ABS-Smooth",5.30495067732587,4.31607376994865,FALSE
"FINEX","ABS-S-2","PETN","ABS-Smooth",3.01055269749515,4.31607376994865,TRUE
"FINEX","ABS-S-2","PETN","ABS-Smooth",7.51931551001119,4.31607376994865,FALSE
"FINEX","ABS-S-2","PETN","ABS-Smooth",6.8675334858662,4.31607376994865,FALSE
"FINEX","ABS-S-2","PETN","ABS-Smooth",7.32635298014045,4.31607376994865,FALSE
"FINEX","ABS-S-2","PETN","ABS-Smooth",7.1894705415303,4.31607376994865,FALSE
"FINEX","ABS-S-2","PETN","ABS-Smooth",5.85178280754095,4.31607376994865,FALSE
"FINEX","ABS-S-2","PETN","ABS-Smooth",4.52746436793592,4.31607376994865,FALSE
"FINEX","ABS-S-2","PETN","ABS-Smooth",7.52170242450231,4.31607376994865,FALSE
"FINEX","ABS-S-2","PETN","ABS-Smooth",5.76366057717382,4.31607376994865,FALSE
"FINEX","ABS-S-2","PETN","ABS-Smooth",3.0766435758166,4.31607376994865,TRUE
"FINEX","ABS-S-2","PETN","ABS-Smooth",6.93807845855855,4.31607376994865,FALSE
"FINEX","ABS-S-2","PETN","ABS-Smooth",6.21855425698443,4.31607376994865,FALSE
"FINEX","ABS-S-2","PETN","ABS-Smooth",5.74772714755108,4.31607376994865,FALSE
"FINEX","ABS-S-2","RDX","ABS-Smooth",0,0.358500493884236,TRUE
"FINEX","ABS-S-2","RDX","ABS-Smooth",0,0.358500493884236,TRUE
"FINEX","ABS-S-2","RDX","ABS-Smooth",0,0.358500493884236,TRUE
"FINEX","ABS-S-2","RDX","ABS-Smooth",0,0.358500493884236,TRUE
"FINEX","ABS-S-2","RDX","ABS-Smooth",0,0.358500493884236,TRUE
"FINEX","ABS-S-2","RDX","ABS-Smooth",0,0.358500493884236,TRUE
"FINEX","ABS-S-2","RDX","ABS-Smooth",0,0.358500493884236,TRUE
"FINEX","ABS-S-2","RDX","ABS-Smooth",0,0.358500493884236,TRUE
"FINEX","ABS-S-2","RDX","ABS-Smooth",0,0.358500493884236,TRUE
"FINEX","ABS-S-2","RDX","ABS-Smooth",0,0.358500493884236,TRUE
"FINEX","ABS-S-2","RDX","ABS-Smooth",0,0.358500493884236,TRUE
"FINEX","ABS-S-2","RDX","ABS-Smooth",0,0.358500493884236,TRUE
"FINEX","ABS-S-2","RDX","ABS-Smooth",0,0.358500493884236,TRUE
"FINEX","ABS-S-2","RDX","ABS-Smooth",0,0.358500493884236,TRUE
"FINEX","ABS-S-2","RDX","ABS-Smooth",0,0.358500493884236,TRUE
"FINEX","ABS-S-2","RDX","ABS-Smooth",0,0.358500493884236,TRUE
"FINEX","ABS-S-2","RDX","ABS-Smooth",0,0.358500493884236,TRUE
"FINEX","ABS-S-2","RDX","ABS-Smooth",0,0.358500493884236,TRUE
"FINEX","ABS-S-2","RDX","ABS-Smooth",0,0.358500493884236,TRUE
"FINEX","ABS-S-2","RDX","ABS-Smooth",0,0.358500493884236,TRUE
"FINEX","ABS-S-2","RDX","ABS-Smooth",0,0.358500493884236,TRUE
"FINEX","ABS-S-2","RDX","ABS-Smooth",0,0.358500493884236,TRUE
"FINEX","ABS-S-2","RDX","ABS-Smooth",0.0013113697176267,0.358500493884236,TRUE
"FINEX","ABS-S-2","RDX","ABS-Smooth",0,0.358500493884236,TRUE
"FINEX","G and T 1","PETN","ABS-Textured",1.72540865720322,1.40505243087083,FALSE
"FINEX","G and T 1","PETN","ABS-Textured",1.08064509290255,1.40505243087083,TRUE
"FINEX","G and T 1","PETN","ABS-Textured",1.63174177252966,1.40505243087083,FALSE
"FINEX","G and T 1","PETN","ABS-Textured",0.391082965576385,1.40505243087083,TRUE
"FINEX","G and T 1","PETN","ABS-Textured",1.28695203586376,1.40505243087083,TRUE
"FINEX","G and T 1","PETN","ABS-Textured",1.06585365339934,1.40505243087083,TRUE
"FINEX","G and T 1","PETN","ABS-Textured",2.30509246674604,1.40505243087083,FALSE
"FINEX","G and T 1","PETN","ABS-Textured",1.82699839817013,1.40505243087083,FALSE
"FINEX","G and T 1","PETN","ABS-Textured",0.898821569736949,1.40505243087083,TRUE
"FINEX","G and T 1","PETN","ABS-Textured",2.10234575751845,1.40505243087083,FALSE
"FINEX","G and T 1","PETN","ABS-Textured",1.78860610462374,1.40505243087083,FALSE
"FINEX","G and T 1","PETN","ABS-Textured",1.44000460751875,1.40505243087083,FALSE
"FINEX","G and T 1","PETN","Glass",10.2573885479767,1.40505243087083,FALSE
"FINEX","G and T 1","PETN","Glass",19.2772583002807,1.40505243087083,FALSE
"FINEX","G and T 1","PETN","Glass",30.4846882123736,1.40505243087083,FALSE
"FINEX","G and T 1","PETN","Glass",15.665999829788,1.40505243087083,FALSE
"FINEX","G and T 1","PETN","Glass",17.2839538565324,1.40505243087083,FALSE
"FINEX","G and T 1","PETN","Glass",14.41435100233,1.40505243087083,FALSE
"FINEX","G and T 1","PETN","Glass",13.3993333184347,1.40505243087083,FALSE
"FINEX","G and T 1","PETN","Glass",14.6974406468496,1.40505243087083,FALSE
"FINEX","G and T 1","PETN","Glass",17.4420019824191,1.40505243087083,FALSE
"FINEX","G and T 1","PETN","Glass",15.841433353603,1.40505243087083,FALSE
"FINEX","G and T 1","PETN","Glass",21.6727785784824,1.40505243087083,FALSE
"FINEX","G and T 1","PETN","Glass",24.7565283426487,1.40505243087083,FALSE
"FINEX","G and T 1","RDX","ABS-Textured",0,0.517382189839721,TRUE
"FINEX","G and T 1","RDX","ABS-Textured",0.11695250183217,0.517382189839721,TRUE
"FINEX","G and T 1","RDX","ABS-Textured",0.149206175375132,0.517382189839721,TRUE
"FINEX","G and T 1","RDX","ABS-Textured",0.115853498255952,0.517382189839721,TRUE
"FINEX","G and T 1","RDX","ABS-Textured",0.0311751534165498,0.517382189839721,TRUE
"FINEX","G and T 1","RDX","ABS-Textured",0.154327243099464,0.517382189839721,TRUE
"FINEX","G and T 1","RDX","ABS-Textured",0.101816362400933,0.517382189839721,TRUE
"FINEX","G and T 1","RDX","ABS-Textured",0.617507137491966,0.517382189839721,FALSE
"FINEX","G and T 1","RDX","ABS-Textured",0.422050198503878,0.517382189839721,TRUE
"FINEX","G and T 1","RDX","ABS-Textured",0.331162932936678,0.517382189839721,TRUE
"FINEX","G and T 1","RDX","ABS-Textured",0.59116324778384,0.517382189839721,FALSE
"FINEX","G and T 1","RDX","ABS-Textured",0.413779634654685,0.517382189839721,TRUE
"FINEX","G and T 1","RDX","ABS-Textured",0.347749084111411,0.517382189839721,TRUE
"FINEX","G and T 1","RDX","Glass",4.07795273406414,0.517382189839721,FALSE
"FINEX","G and T 1","RDX","Glass",6.10032874785293,0.517382189839721,FALSE
"FINEX","G and T 1","RDX","Glass",4.86097663838209,0.517382189839721,FALSE
"FINEX","G and T 1","RDX","Glass",5.25877416396262,0.517382189839721,FALSE
"FINEX","G and T 1","RDX","Glass",6.69121662868491,0.517382189839721,FALSE
"FINEX","G and T 1","RDX","Glass",3.97558454114958,0.517382189839721,FALSE
"FINEX","G and T 1","RDX","Glass",4.68751346939627,0.517382189839721,FALSE
"FINEX","G and T 1","RDX","Glass",4.10361324694879,0.517382189839721,FALSE
"FINEX","G and T 1","RDX","Glass",4.43102239283765,0.517382189839721,FALSE
"FINEX","G and T 1","RDX","Glass",4.22518041363666,0.517382189839721,FALSE
"FINEX","G and T 1","RDX","Glass",10.0846329540063,0.517382189839721,FALSE
"FINEX","G and T 1","RDX","Glass",6.76232274285462,0.517382189839721,FALSE
"FINEX","Lab10-1","PETN","Steel",1.46901565600684,0.247014538713402,FALSE
"FINEX","Lab10-1","PETN","Steel",2.45735128101077,0.247014538713402,FALSE
"FINEX","Lab10-1","PETN","Steel",1.03268056009322,0.247014538713402,FALSE
"FINEX","Lab10-1","PETN","Steel",1.01218966756533,0.247014538713402,FALSE
"FINEX","Lab10-1","PETN","Steel",3.23516093912923,0.247014538713402,FALSE
"FINEX","Lab10-1","PETN","Steel",6.03735697334457,0.247014538713402,FALSE
"FINEX","Lab10-1","PETN","ABS-Smooth",2.75113003215349,0.247014538713402,FALSE
"FINEX","Lab10-1","PETN","ABS-Smooth",3.59085679136312,0.247014538713402,FALSE
"FINEX","Lab10-1","PETN","ABS-Smooth",1.7449588645824,0.247014538713402,FALSE
"FINEX","Lab10-1","PETN","ABS-Smooth",4.01090344396815,0.247014538713402,FALSE
"FINEX","Lab10-1","PETN","ABS-Smooth",2.71807949615252,0.247014538713402,FALSE
"FINEX","Lab10-1","PETN","ABS-Smooth",3.89750689362483,0.247014538713402,FALSE
"FINEX","Lab10-1","PETN","Steel",2.71890196808712,0.247014538713402,FALSE
"FINEX","Lab10-1","PETN","Steel",4.49736357192313,0.247014538713402,FALSE
"FINEX","Lab10-1","PETN","Steel",0.583690111013838,0.247014538713402,FALSE
"FINEX","Lab10-1","PETN","Steel",1.16532620121893,0.247014538713402,FALSE
"FINEX","Lab10-1","PETN","Steel",0.312140610698859,0.247014538713402,FALSE
"FINEX","Lab10-1","PETN","Steel",0.289720593189661,0.247014538713402,FALSE
"FINEX","Lab10-1","PETN","ABS-Smooth",0.324427314756386,0.247014538713402,FALSE
"FINEX","Lab10-1","PETN","ABS-Smooth",2.24059059805741,0.247014538713402,FALSE
"FINEX","Lab10-1","PETN","ABS-Smooth",4.46924074668666,0.247014538713402,FALSE
"FINEX","Lab10-1","PETN","ABS-Smooth",3.21721859135775,0.247014538713402,FALSE
"FINEX","Lab10-1","PETN","ABS-Smooth",3.59213276251961,0.247014538713402,FALSE
"FINEX","Lab10-1","PETN","ABS-Smooth",0.620086675000341,0.247014538713402,FALSE
"FINEX","Lab10-1","RDX","Steel",0,0.312312349510188,TRUE
"FINEX","Lab10-1","RDX","Steel",0.88123971525944,0.312312349510188,FALSE
"FINEX","Lab10-1","RDX","Steel",1.60110360205458,0.312312349510188,FALSE
"FINEX","Lab10-1","RDX","Steel",0.919217287350726,0.312312349510188,FALSE
"FINEX","Lab10-1","RDX","Steel",0.538386635820095,0.312312349510188,FALSE
"FINEX","Lab10-1","RDX","Steel",1.47767807479247,0.312312349510188,FALSE
"FINEX","Lab10-1","RDX","Steel",2.72171379589204,0.312312349510188,FALSE
"FINEX","Lab10-1","RDX","ABS-Smooth",0,0.312312349510188,TRUE
"FINEX","Lab10-1","RDX","ABS-Smooth",0.418663689159896,0.312312349510188,FALSE
"FINEX","Lab10-1","RDX","ABS-Smooth",0.500046165119981,0.312312349510188,FALSE
"FINEX","Lab10-1","RDX","ABS-Smooth",0.419870718456237,0.312312349510188,FALSE
"FINEX","Lab10-1","RDX","ABS-Smooth",0.541650486626416,0.312312349510188,FALSE
"FINEX","Lab10-1","RDX","ABS-Smooth",0.489349937563073,0.312312349510188,FALSE
"FINEX","Lab10-1","RDX","ABS-Smooth",0.606213604019942,0.312312349510188,FALSE
"FINEX","Lab10-1","RDX","Steel",0,0.312312349510188,TRUE
"FINEX","Lab10-1","RDX","Steel",1.21351939516754,0.312312349510188,FALSE
"FINEX","Lab10-1","RDX","Steel",0.906632967833977,0.312312349510188,FALSE
"FINEX","Lab10-1","RDX","Steel",0.472125015418398,0.312312349510188,FALSE
"FINEX","Lab10-1","RDX","Steel",0.283704115681462,0.312312349510188,TRUE
"FINEX","Lab10-1","RDX","Steel",0.215797694210839,0.312312349510188,TRUE
"FINEX","Lab10-1","RDX","Steel",0.238179673763547,0.312312349510188,TRUE
"FINEX","Lab10-1","RDX","ABS-Smooth",0.044922708303303,0.312312349510188,TRUE
"FINEX","Lab10-1","RDX","ABS-Smooth",0.11015360599292,0.312312349510188,TRUE
"FINEX","Lab10-1","RDX","ABS-Smooth",0.199033440576007,0.312312349510188,TRUE
"FINEX","Lab10-1","RDX","ABS-Smooth",0.127137084676892,0.312312349510188,TRUE
"FINEX","Lab10-1","RDX","ABS-Smooth",0.146726114204374,0.312312349510188,TRUE
"FINEX","Lab10-1","RDX","ABS-Smooth",0.0769037858005971,0.312312349510188,TRUE
"FINEX","Lab17-1","PETN","ABS-Smooth",0.306228746938039,0.571696931583238,TRUE
"FINEX","Lab17-1","PETN","ABS-Smooth",0.161278857834439,0.571696931583238,TRUE
"FINEX","Lab17-1","PETN","ABS-Smooth",0.137414765017788,0.571696931583238,TRUE
"FINEX","Lab17-1","PETN","ABS-Smooth",0.135330405017953,0.571696931583238,TRUE
"FINEX","Lab17-1","PETN","ABS-Smooth",0.112854958903443,0.571696931583238,TRUE
"FINEX","Lab17-1","PETN","ABS-Smooth",0.15229916296705,0.571696931583238,TRUE
"FINEX","Lab17-1","PETN","ABS-Smooth",0.129893103727528,0.571696931583238,TRUE
"FINEX","Lab17-1","PETN","ABS-Smooth",0.128943723530099,0.571696931583238,TRUE
"FINEX","Lab17-1","PETN","ABS-Smooth",0.230723299587359,0.571696931583238,TRUE
"FINEX","Lab17-1","PETN","ABS-Smooth",2.05498386315828,0.571696931583238,FALSE
"FINEX","Lab17-1","PETN","ABS-Smooth",0.711388049848196,0.571696931583238,FALSE
"FINEX","Lab17-1","PETN","ABS-Smooth",1.32756734467306,0.571696931583238,FALSE
"FINEX","Lab17-1","PETN","ABS-Smooth",1.2722853750843,0.571696931583238,FALSE
"FINEX","Lab17-1","PETN","ABS-Smooth",2.57930916896642,0.571696931583238,FALSE
"FINEX","Lab17-1","PETN","ABS-Smooth",1.98442009506043,0.571696931583238,FALSE
"FINEX","Lab17-1","PETN","ABS-Smooth",1.90504423851126,0.571696931583238,FALSE
"FINEX","Lab17-1","PETN","ABS-Smooth",2.41972640110443,0.571696931583238,FALSE
"FINEX","Lab17-1","PETN","ABS-Smooth",2.02581240871949,0.571696931583238,FALSE
"FINEX","Lab17-1","PETN","ABS-Smooth",2.5751752238103,0.571696931583238,FALSE
"FINEX","Lab17-1","PETN","ABS-Smooth",1.59587997603052,0.571696931583238,FALSE
"FINEX","Lab17-1","PETN","ABS-Smooth",2.97609312599152,0.571696931583238,FALSE
"FINEX","Lab17-1","RDX","ABS-Smooth",0,0.367558166989303,TRUE
"FINEX","Lab17-1","RDX","ABS-Smooth",0.301979538664571,0.367558166989303,TRUE
"FINEX","Lab17-1","RDX","ABS-Smooth",0.139971801545304,0.367558166989303,TRUE
"FINEX","Lab17-1","RDX","ABS-Smooth",0.188212775516655,0.367558166989303,TRUE
"FINEX","Lab17-1","RDX","ABS-Smooth",0.109983232741815,0.367558166989303,TRUE
"FINEX","Lab17-1","RDX","ABS-Smooth",0.157249372264938,0.367558166989303,TRUE
"FINEX","Lab17-1","RDX","ABS-Smooth",0.0611997081257818,0.367558166989303,TRUE
"FINEX","Lab17-1","RDX","ABS-Smooth",0,0.367558166989303,TRUE
"FINEX","Lab17-1","RDX","ABS-Smooth",0.127889621028117,0.367558166989303,TRUE
"FINEX","Lab17-1","RDX","ABS-Smooth",0.176265815408762,0.367558166989303,TRUE
"FINEX","Lab17-1","RDX","ABS-Smooth",0.221999140616151,0.367558166989303,TRUE
"FINEX","Lab17-1","RDX","ABS-Smooth",0.142708813855692,0.367558166989303,TRUE
"FINEX","Lab17-1","RDX","ABS-Smooth",0.237611500712713,0.367558166989303,TRUE
"FINEX","Lab17-1","RDX","ABS-Smooth",0.287437959716984,0.367558166989303,TRUE
"FINEX","Lab17-1","RDX","ABS-Smooth",0.0515897292878519,0.367558166989303,TRUE
"FINEX","Lab17-1","RDX","ABS-Smooth",0.0748351176538024,0.367558166989303,TRUE
"FINEX","Lab17-1","RDX","ABS-Smooth",0.0948277586816085,0.367558166989303,TRUE
"FINEX","Lab17-1","RDX","ABS-Smooth",0.0543361903133139,0.367558166989303,TRUE
"FINEX","Lab17-1","RDX","ABS-Smooth",0.0570099639102054,0.367558166989303,TRUE
"FINEX","Lab17-1","RDX","ABS-Smooth",0.0859749544676282,0.367558166989303,TRUE
"FINEX","Lab17-1","RDX","ABS-Smooth",0.0389689195854205,0.367558166989303,TRUE
"FINEX","Lab17-1","RDX","ABS-Smooth",0.153264855830174,0.367558166989303,TRUE
"FINEX","Lab17-1","RDX","ABS-Smooth",0.0840431548785351,0.367558166989303,TRUE
"FINEX","Lab17-1","RDX","ABS-Smooth",0.0910537391328585,0.367558166989303,TRUE
"FINEX","Lab17-1","RDX","ABS-Smooth",0.168981571254887,0.367558166989303,TRUE
"FINEX","Lab29","PETN","ABS-Smooth",0.216553549342134,0.953326624917919,TRUE
"FINEX","Lab29","PETN","ABS-Smooth",0.55387273762948,0.953326624917919,TRUE
"FINEX","Lab29","PETN","ABS-Smooth",1.34303721259694,0.953326624917919,FALSE
"FINEX","Lab29","PETN","ABS-Smooth",0.096701180358424,0.953326624917919,TRUE
"FINEX","Lab29","PETN","ABS-Smooth",0.35131207976649,0.953326624917919,TRUE
"FINEX","Lab29","PETN","ABS-Smooth",0.209811281250525,0.953326624917919,TRUE
"FINEX","Lab29","PETN","ABS-Smooth",3.29356648208704,0.953326624917919,FALSE
"FINEX","Lab29","PETN","ABS-Smooth",3.0709530648668,0.953326624917919,FALSE
"FINEX","Lab29","PETN","ABS-Smooth",1.61030157746289,0.953326624917919,FALSE
"FINEX","Lab29","PETN","ABS-Smooth",3.68170214663247,0.953326624917919,FALSE
"FINEX","Lab29","PETN","ABS-Smooth",0.448221834488678,0.953326624917919,TRUE
"FINEX","Lab29","PETN","ABS-Smooth",1.29398346542839,0.953326624917919,FALSE
"FINEX","Lab29","PETN","Steel",0.311684605422549,0.953326624917919,TRUE
"FINEX","Lab29","PETN","Steel",1.84503534262553,0.953326624917919,FALSE
"FINEX","Lab29","PETN","Steel",0.551650034805648,0.953326624917919,TRUE
"FINEX","Lab29","PETN","Steel",0.371296059837845,0.953326624917919,TRUE
"FINEX","Lab29","PETN","Steel",1.54971536526374,0.953326624917919,FALSE
"FINEX","Lab29","PETN","Steel",3.14499958058295,0.953326624917919,FALSE
"FINEX","Lab29","PETN","Steel",2.62663971299625,0.953326624917919,FALSE
"FINEX","Lab29","PETN","Steel",3.26182004940817,0.953326624917919,FALSE
"FINEX","Lab29","PETN","Steel",6.37663541126217,0.953326624917919,FALSE
"FINEX","Lab29","PETN","Steel",3.61355464797536,0.953326624917919,FALSE
"FINEX","Lab29","PETN","Steel",2.33365878081755,0.953326624917919,FALSE
"FINEX","Lab29","PETN","Steel",1.32874362643133,0.953326624917919,FALSE
"FINEX","Lab29","RDX","ABS-Smooth",0,0.480008814723558,TRUE
"FINEX","Lab29","RDX","ABS-Smooth",0,0.480008814723558,TRUE
"FINEX","Lab29","RDX","ABS-Smooth",0,0.480008814723558,TRUE
"FINEX","Lab29","RDX","ABS-Smooth",0.0245089847909318,0.480008814723558,TRUE
"FINEX","Lab29","RDX","ABS-Smooth",0,0.480008814723558,TRUE
"FINEX","Lab29","RDX","ABS-Smooth",0,0.480008814723558,TRUE
"FINEX","Lab29","RDX","ABS-Smooth",0,0.480008814723558,TRUE
"FINEX","Lab29","RDX","ABS-Smooth",0,0.480008814723558,TRUE
"FINEX","Lab29","RDX","ABS-Smooth",0,0.480008814723558,TRUE
"FINEX","Lab29","RDX","ABS-Smooth",0,0.480008814723558,TRUE
"FINEX","Lab29","RDX","ABS-Smooth",0,0.480008814723558,TRUE
"FINEX","Lab29","RDX","ABS-Smooth",0,0.480008814723558,TRUE
"FINEX","Lab29","RDX","ABS-Smooth",0,0.480008814723558,TRUE
"FINEX","Lab29","RDX","Steel",0.0924710292607866,0.480008814723558,TRUE
"FINEX","Lab29","RDX","Steel",0.720942317859995,0.480008814723558,FALSE
"FINEX","Lab29","RDX","Steel",0.24880288298205,0.480008814723558,TRUE
"FINEX","Lab29","RDX","Steel",0.287020520156832,0.480008814723558,TRUE
"FINEX","Lab29","RDX","Steel",0.848764032633214,0.480008814723558,FALSE
"FINEX","Lab29","RDX","Steel",1.18196330077773,0.480008814723558,FALSE
"FINEX","Lab29","RDX","Steel",0.414578828878844,0.480008814723558,TRUE
"FINEX","Lab29","RDX","Steel",0.543585366689608,0.480008814723558,FALSE
"FINEX","Lab29","RDX","Steel",0.589745478032599,0.480008814723558,FALSE
"FINEX","Lab29","RDX","Steel",0.452819004327701,0.480008814723558,TRUE
"FINEX","Lab29","RDX","Steel",0.498407770270741,0.480008814723558,FALSE
"FINEX","Lab29","RDX","Steel",0.186885939623939,0.480008814723558,TRUE
"FINEX","Lab33","PETN","Steel",2.14886757212741,0.848403629606378,FALSE
"FINEX","Lab33","PETN","Steel",3.84183210874858,0.848403629606378,FALSE
"FINEX","Lab33","PETN","Steel",1.30955115928043,0.848403629606378,FALSE
"FINEX","Lab33","PETN","Steel",4.59447044444258,0.848403629606378,FALSE
"FINEX","Lab33","PETN","Steel",4.47411748477812,0.848403629606378,FALSE
"FINEX","Lab33","PETN","Steel",2.11860707091106,0.848403629606378,FALSE
"FINEX","Lab33","PETN","ABS-Smooth",0.818050695993092,0.848403629606378,TRUE
"FINEX","Lab33","PETN","ABS-Smooth",0.976714117047849,0.848403629606378,FALSE
"FINEX","Lab33","PETN","ABS-Smooth",1.44790749787774,0.848403629606378,FALSE
"FINEX","Lab33","PETN","ABS-Smooth",0.658873015588122,0.848403629606378,TRUE
"FINEX","Lab33","PETN","ABS-Smooth",0.97139079664892,0.848403629606378,FALSE
"FINEX","Lab33","PETN","ABS-Smooth",1.20534651795393,0.848403629606378,FALSE
"FINEX","Lab33","PETN","Steel",1.37342771981019,0.848403629606378,FALSE
"FINEX","Lab33","PETN","Steel",7.39140910889522,0.848403629606378,FALSE
"FINEX","Lab33","PETN","Steel",5.00019624496749,0.848403629606378,FALSE
"FINEX","Lab33","PETN","Steel",4.44119629292701,0.848403629606378,FALSE
"FINEX","Lab33","PETN","Steel",0.348953779390904,0.848403629606378,TRUE
"FINEX","Lab33","PETN","Steel",3.31694876645805,0.848403629606378,FALSE
"FINEX","Lab33","PETN","ABS-Smooth",2.05492838250779,0.848403629606378,FALSE
"FINEX","Lab33","PETN","ABS-Smooth",1.10733873158094,0.848403629606378,FALSE
"FINEX","Lab33","PETN","ABS-Smooth",2.02153375474799,0.848403629606378,FALSE
"FINEX","Lab33","PETN","ABS-Smooth",1.91240454924763,0.848403629606378,FALSE
"FINEX","Lab33","PETN","ABS-Smooth",2.64172120955771,0.848403629606378,FALSE
"FINEX","Lab33","PETN","ABS-Smooth",2.99796784458636,0.848403629606378,FALSE
"FINEX","Lab33","RDX","Steel",0,0.525100147909833,TRUE
"FINEX","Lab33","RDX","Steel",0.609185322565713,0.525100147909833,FALSE
"FINEX","Lab33","RDX","Steel",1.58807624800448,0.525100147909833,FALSE
"FINEX","Lab33","RDX","Steel",0.283672120521171,0.525100147909833,TRUE
"FINEX","Lab33","RDX","Steel",2.22872670507452,0.525100147909833,FALSE
"FINEX","Lab33","RDX","Steel",2.25959819690107,0.525100147909833,FALSE
"FINEX","Lab33","RDX","Steel",1.39195480797721,0.525100147909833,FALSE
"FINEX","Lab33","RDX","ABS-Smooth",0,0.525100147909833,TRUE
"FINEX","Lab33","RDX","ABS-Smooth",0,0.525100147909833,TRUE
"FINEX","Lab33","RDX","ABS-Smooth",0,0.525100147909833,TRUE
"FINEX","Lab33","RDX","ABS-Smooth",0,0.525100147909833,TRUE
"FINEX","Lab33","RDX","ABS-Smooth",0,0.525100147909833,TRUE
"FINEX","Lab33","RDX","ABS-Smooth",0,0.525100147909833,TRUE
"FINEX","Lab33","RDX","ABS-Smooth",0,0.525100147909833,TRUE
"FINEX","Lab33","RDX","Steel",0.420515201261951,0.525100147909833,TRUE
"FINEX","Lab33","RDX","Steel",2.38264124038212,0.525100147909833,FALSE
"FINEX","Lab33","RDX","Steel",1.7595248598865,0.525100147909833,FALSE
"FINEX","Lab33","RDX","Steel",1.04248492329579,0.525100147909833,FALSE
"FINEX","Lab33","RDX","Steel",0,0.525100147909833,TRUE
"FINEX","Lab33","RDX","Steel",0.933924560192929,0.525100147909833,FALSE
"FINEX","Lab33","RDX","ABS-Smooth",1.06747435874981,0.525100147909833,FALSE
"FINEX","Lab33","RDX","ABS-Smooth",0,0.525100147909833,TRUE
"FINEX","Lab33","RDX","ABS-Smooth",0,0.525100147909833,TRUE
"FINEX","Lab33","RDX","ABS-Smooth",0,0.525100147909833,TRUE
"FINEX","Lab33","RDX","ABS-Smooth",0,0.525100147909833,TRUE
"FINEX","Lab33","RDX","ABS-Smooth",0,0.525100147909833,TRUE
"FINEX","Lab9","PETN","ABS-Smooth",1.62837411648451,0.529279216351736,FALSE
"FINEX","Lab9","PETN","ABS-Smooth",1.10305813509203,0.529279216351736,FALSE
"FINEX","Lab9","PETN","ABS-Smooth",0.93452795576059,0.529279216351736,FALSE
"FINEX","Lab9","PETN","ABS-Smooth",1.45473930593124,0.529279216351736,FALSE
"FINEX","Lab9","PETN","ABS-Smooth",0.271939175406231,0.529279216351736,TRUE
"FINEX","Lab9","PETN","ABS-Smooth",1.79154668517964,0.529279216351736,FALSE
"FINEX","Lab9","PETN","ABS-Smooth",1.39727689614616,0.529279216351736,FALSE
"FINEX","Lab9","PETN","ABS-Smooth",0.489442641037716,0.529279216351736,TRUE
"FINEX","Lab9","PETN","ABS-Smooth",0.469365668221424,0.529279216351736,TRUE
"FINEX","Lab9","PETN","ABS-Smooth",0.43345702483771,0.529279216351736,TRUE
"FINEX","Lab9","PETN","ABS-Smooth",0.818865643016453,0.529279216351736,FALSE
"FINEX","Lab9","PETN","ABS-Smooth",2.21720239644575,0.529279216351736,FALSE
"FINEX","Lab9","PETN","Steel",0.457784015701457,0.529279216351736,TRUE
"FINEX","Lab9","PETN","Steel",0.542848763469088,0.529279216351736,FALSE
"FINEX","Lab9","PETN","Steel",2.02251039372799,0.529279216351736,FALSE
"FINEX","Lab9","PETN","Steel",3.74812102170624,0.529279216351736,FALSE
"FINEX","Lab9","PETN","Steel",3.27763692113653,0.529279216351736,FALSE
"FINEX","Lab9","PETN","Steel",1.47808264270851,0.529279216351736,FALSE
"FINEX","Lab9","PETN","Steel",1.77317220243378,0.529279216351736,FALSE
"FINEX","Lab9","PETN","Steel",4.15917539277686,0.529279216351736,FALSE
"FINEX","Lab9","PETN","Steel",3.22156771441717,0.529279216351736,FALSE
"FINEX","Lab9","PETN","Steel",4.26680020539632,0.529279216351736,FALSE
"FINEX","Lab9","PETN","Steel",8.19223999580395,0.529279216351736,FALSE
"FINEX","Lab9","PETN","Steel",0.556446420397525,0.529279216351736,FALSE
"FINEX","Lab9","RDX","ABS-Smooth",0,0.844009708215793,TRUE
"FINEX","Lab9","RDX","ABS-Smooth",1.50772125981043,0.844009708215793,FALSE
"FINEX","Lab9","RDX","ABS-Smooth",0.552154948721458,0.844009708215793,TRUE
"FINEX","Lab9","RDX","ABS-Smooth",0.401188072005677,0.844009708215793,TRUE
"FINEX","Lab9","RDX","ABS-Smooth",0.7179947298205,0.844009708215793,TRUE
"FINEX","Lab9","RDX","ABS-Smooth",0.31698446047882,0.844009708215793,TRUE
"FINEX","Lab9","RDX","ABS-Smooth",0.570038931332079,0.844009708215793,TRUE
"FINEX","Lab9","RDX","ABS-Smooth",0.00764874906890421,0.844009708215793,TRUE
"FINEX","Lab9","RDX","ABS-Smooth",0.892255051226718,0.844009708215793,FALSE
"FINEX","Lab9","RDX","ABS-Smooth",0.530518320332055,0.844009708215793,TRUE
"FINEX","Lab9","RDX","ABS-Smooth",0.560491812692005,0.844009708215793,TRUE
"FINEX","Lab9","RDX","ABS-Smooth",0.512818368570244,0.844009708215793,TRUE
"FINEX","Lab9","RDX","ABS-Smooth",0.615535958358272,0.844009708215793,TRUE
"FINEX","Lab9","RDX","ABS-Smooth",1.36503684054098,0.844009708215793,FALSE
"FINEX","Lab9","RDX","Steel",0.363253012141047,0.844009708215793,TRUE
"FINEX","Lab9","RDX","Steel",0.770189072436577,0.844009708215793,TRUE
"FINEX","Lab9","RDX","Steel",1.00807467847985,0.844009708215793,FALSE
"FINEX","Lab9","RDX","Steel",1.29956834470727,0.844009708215793,FALSE
"FINEX","Lab9","RDX","Steel",0.856861840924064,0.844009708215793,FALSE
"FINEX","Lab9","RDX","Steel",0.614409492397731,0.844009708215793,TRUE
"FINEX","Lab9","RDX","Steel",2.5858266435229,0.844009708215793,FALSE
"FINEX","Lab9","RDX","Steel",4.17907646275436,0.844009708215793,FALSE
"FINEX","Lab9","RDX","Steel",3.3609933904115,0.844009708215793,FALSE
"FINEX","Lab9","RDX","Steel",3.30339548335565,0.844009708215793,FALSE
"FINEX","Lab9","RDX","Steel",4.08371239461876,0.844009708215793,FALSE
"FINEX","Lab9","RDX","Steel",0.615548051165251,0.844009708215793,TRUE
"FINEX","Outstanding samples 2","PETN","ABS-Smooth",0.537433376009398,0.939565263958064,TRUE
"FINEX","Outstanding samples 2","PETN","ABS-Smooth",0.569864707411044,0.939565263958064,TRUE
"FINEX","Outstanding samples 2","PETN","ABS-Smooth",0.92495494311338,0.939565263958064,TRUE
"FINEX","Outstanding samples 2","PETN","ABS-Smooth",0.23701090922326,0.939565263958064,TRUE
"FINEX","Outstanding samples 2","PETN","ABS-Smooth",0.528039839475663,0.939565263958064,TRUE
"FINEX","Outstanding samples 2","PETN","ABS-Smooth",0.423277407252495,0.939565263958064,TRUE
"FINEX","Outstanding samples 2","PETN","ABS-Smooth",1.61766926177173,0.939565263958064,FALSE
"FINEX","Outstanding samples 2","PETN","ABS-Smooth",9.96774776960259,0.939565263958064,FALSE
"FINEX","Outstanding samples 2","PETN","ABS-Smooth",7.20859172977515,0.939565263958064,FALSE
"FINEX","Outstanding samples 2","PETN","ABS-Smooth",5.8151226567255,0.939565263958064,FALSE
"FINEX","Outstanding samples 2","PETN","ABS-Smooth",4.74147905715763,0.939565263958064,FALSE
"FINEX","Outstanding samples 2","PETN","ABS-Smooth",4.46683858472517,0.939565263958064,FALSE
"FINEX","Outstanding samples 2","PETN","Steel",18.2019464735972,0.939565263958064,FALSE
"FINEX","Outstanding samples 2","PETN","Steel",19.8122303176619,0.939565263958064,FALSE
"FINEX","Outstanding samples 2","PETN","Steel",24.7236171691551,0.939565263958064,FALSE
"FINEX","Outstanding samples 2","PETN","Steel",13.3384076435504,0.939565263958064,FALSE
"FINEX","Outstanding samples 2","PETN","Steel",16.4748997651991,0.939565263958064,FALSE
"FINEX","Outstanding samples 2","PETN","Steel",12.836556069191,0.939565263958064,FALSE
"FINEX","Outstanding samples 2","PETN","Steel",5.97449295700998,0.939565263958064,FALSE
"FINEX","Outstanding samples 2","PETN","Steel",4.98694975502896,0.939565263958064,FALSE
"FINEX","Outstanding samples 2","PETN","Steel",4.66019707648992,0.939565263958064,FALSE
"FINEX","Outstanding samples 2","PETN","Steel",3.04575379990498,0.939565263958064,FALSE
"FINEX","Outstanding samples 2","PETN","Steel",3.67299140766157,0.939565263958064,FALSE
"FINEX","Outstanding samples 2","PETN","Steel",3.856811790325,0.939565263958064,FALSE
"FINEX","Outstanding samples 2","RDX","ABS-Smooth",0.27216964886115,2.82064835600492,TRUE
"FINEX","Outstanding samples 2","RDX","ABS-Smooth",0.23837719572736,2.82064835600492,TRUE
"FINEX","Outstanding samples 2","RDX","ABS-Smooth",0.296855761560257,2.82064835600492,TRUE
"FINEX","Outstanding samples 2","RDX","ABS-Smooth",0.0894014224775591,2.82064835600492,TRUE
"FINEX","Outstanding samples 2","RDX","ABS-Smooth",0.20068906947565,2.82064835600492,TRUE
"FINEX","Outstanding samples 2","RDX","ABS-Smooth",0.183910998003099,2.82064835600492,TRUE
"FINEX","Outstanding samples 2","RDX","ABS-Smooth",0,2.82064835600492,TRUE
"FINEX","Outstanding samples 2","RDX","ABS-Smooth",0.0132003152295405,2.82064835600492,TRUE
"FINEX","Outstanding samples 2","RDX","ABS-Smooth",0.00136253154160591,2.82064835600492,TRUE
"FINEX","Outstanding samples 2","RDX","ABS-Smooth",0.016838785689881,2.82064835600492,TRUE
"FINEX","Outstanding samples 2","RDX","Steel",1.81074968404239,2.82064835600492,TRUE
"FINEX","Outstanding samples 2","RDX","Steel",2.934399875217,2.82064835600492,FALSE
"FINEX","Outstanding samples 2","RDX","Steel",3.67893063844929,2.82064835600492,FALSE
"FINEX","Outstanding samples 2","RDX","Steel",1.59802219044799,2.82064835600492,TRUE
"FINEX","Outstanding samples 2","RDX","Steel",2.81191948608365,2.82064835600492,TRUE
"FINEX","Outstanding samples 2","RDX","Steel",2.43951686788434,2.82064835600492,TRUE
"FINEX","Outstanding samples 2","RDX","Steel",1.34935786177525,2.82064835600492,TRUE
"FINEX","Outstanding samples 2","RDX","Steel",1.23729342492395,2.82064835600492,TRUE
"FINEX","Outstanding samples 2","RDX","Steel",1.50179889847632,2.82064835600492,TRUE
"FINEX","Outstanding samples 2","RDX","Steel",0.989593249376006,2.82064835600492,TRUE
"FINEX","Outstanding samples 2","RDX","Steel",1.34817915184926,2.82064835600492,TRUE
"FINEX","Outstanding samples 2","RDX","Steel",1.46916996012178,2.82064835600492,TRUE
"FINEX","Outstanding samples 3","PETN","ABS-Smooth",0.459748334298643,0.83645301588911,TRUE
"FINEX","Outstanding samples 3","PETN","ABS-Smooth",0.651624528949099,0.83645301588911,TRUE
"FINEX","Outstanding samples 3","PETN","ABS-Smooth",0.210376942129194,0.83645301588911,TRUE
"FINEX","Outstanding samples 3","PETN","ABS-Smooth",0.287295357760035,0.83645301588911,TRUE
"FINEX","Outstanding samples 3","PETN","ABS-Smooth",0.873282499885,0.83645301588911,FALSE
"FINEX","Outstanding samples 3","PETN","ABS-Smooth",0.443317752658069,0.83645301588911,TRUE
"FINEX","Outstanding samples 3","PETN","ABS-Smooth",0.197349849660673,0.83645301588911,TRUE
"FINEX","Outstanding samples 3","PETN","ABS-Smooth",0.491202150801058,0.83645301588911,TRUE
"FINEX","Outstanding samples 3","PETN","ABS-Smooth",1.2472066410116,0.83645301588911,FALSE
"FINEX","Outstanding samples 3","PETN","ABS-Smooth",1.07083999157944,0.83645301588911,FALSE
"FINEX","Outstanding samples 3","PETN","ABS-Smooth",0.30868749932876,0.83645301588911,TRUE
"FINEX","Outstanding samples 3","PETN","ABS-Smooth",0.0879813066549148,0.83645301588911,TRUE
"FINEX","Outstanding samples 3","PETN","Steel",2.69100625526263,0.83645301588911,FALSE
"FINEX","Outstanding samples 3","PETN","Steel",2.04496797697758,0.83645301588911,FALSE
"FINEX","Outstanding samples 3","PETN","Steel",3.39397034541222,0.83645301588911,FALSE
"FINEX","Outstanding samples 3","PETN","Steel",4.0610087605682,0.83645301588911,FALSE
"FINEX","Outstanding samples 3","PETN","Steel",3.33100901281338,0.83645301588911,FALSE
"FINEX","Outstanding samples 3","PETN","Steel",1.04749117895897,0.83645301588911,FALSE
"FINEX","Outstanding samples 3","PETN","Steel",4.09180311292154,0.83645301588911,FALSE
"FINEX","Outstanding samples 3","PETN","Steel",3.51184373744413,0.83645301588911,FALSE
"FINEX","Outstanding samples 3","PETN","Steel",2.34418787813873,0.83645301588911,FALSE
"FINEX","Outstanding samples 3","PETN","Steel",2.56513410723536,0.83645301588911,FALSE
"FINEX","Outstanding samples 3","PETN","Steel",1.89590693449533,0.83645301588911,FALSE
"FINEX","Outstanding samples 3","PETN","Steel",3.82124071766794,0.83645301588911,FALSE
"FINEX","Outstanding samples 3","RDX","ABS-Smooth",0,2.87211397351458,TRUE
"FINEX","Outstanding samples 3","RDX","ABS-Smooth",0.0487801191348687,2.87211397351458,TRUE
"FINEX","Outstanding samples 3","RDX","ABS-Smooth",0.0108248930686301,2.87211397351458,TRUE
"FINEX","Outstanding samples 3","RDX","ABS-Smooth",0.000545221011437637,2.87211397351458,TRUE
"FINEX","Outstanding samples 3","RDX","ABS-Smooth",0.0307243217537821,2.87211397351458,TRUE
"FINEX","Outstanding samples 3","RDX","ABS-Smooth",0.0515299951891617,2.87211397351458,TRUE
"FINEX","Outstanding samples 3","RDX","ABS-Smooth",0.00443285348765473,2.87211397351458,TRUE
"FINEX","Outstanding samples 3","RDX","ABS-Smooth",0,2.87211397351458,TRUE
"FINEX","Outstanding samples 3","RDX","ABS-Smooth",0.0210989927236829,2.87211397351458,TRUE
"FINEX","Outstanding samples 3","RDX","ABS-Smooth",0.144913165288742,2.87211397351458,TRUE
"FINEX","Outstanding samples 3","RDX","ABS-Smooth",0.296162150320306,2.87211397351458,TRUE
"FINEX","Outstanding samples 3","RDX","ABS-Smooth",0.30298737491107,2.87211397351458,TRUE
"FINEX","Outstanding samples 3","RDX","ABS-Smooth",0.151869406341336,2.87211397351458,TRUE
"FINEX","Outstanding samples 3","RDX","ABS-Smooth",0.050061540290871,2.87211397351458,TRUE
"FINEX","Outstanding samples 3","RDX","Steel",1.60512396716578,2.87211397351458,TRUE
"FINEX","Outstanding samples 3","RDX","Steel",0.679600141329407,2.87211397351458,TRUE
"FINEX","Outstanding samples 3","RDX","Steel",0.710800674166651,2.87211397351458,TRUE
"FINEX","Outstanding samples 3","RDX","Steel",1.35474320813261,2.87211397351458,TRUE
"FINEX","Outstanding samples 3","RDX","Steel",1.23226415274945,2.87211397351458,TRUE
"FINEX","Outstanding samples 3","RDX","Steel",1.22922171610707,2.87211397351458,TRUE
"FINEX","Outstanding samples 3","RDX","Steel",1.95121221356014,2.87211397351458,TRUE
"FINEX","Outstanding samples 3","RDX","Steel",2.05779376177186,2.87211397351458,TRUE
"FINEX","Outstanding samples 3","RDX","Steel",1.36216259115868,2.87211397351458,TRUE
"FINEX","Outstanding samples 3","RDX","Steel",1.69127998337816,2.87211397351458,TRUE
"FINEX","Outstanding samples 3","RDX","Steel",0.650697573516857,2.87211397351458,TRUE
"FINEX","Outstanding samples 3","RDX","Steel",2.64121886745578,2.87211397351458,TRUE
"FINEX","Outstanding samples 4","PETN","ABS-Smooth",0.868900964362178,1.50824503003722,TRUE
"FINEX","Outstanding samples 4","PETN","ABS-Smooth",0.341361795640565,1.50824503003722,TRUE
"FINEX","Outstanding samples 4","PETN","ABS-Smooth",1.03557173693299,1.50824503003722,TRUE
"FINEX","Outstanding samples 4","PETN","ABS-Smooth",0.166711396779365,1.50824503003722,TRUE
"FINEX","Outstanding samples 4","PETN","ABS-Smooth",0.16545792476331,1.50824503003722,TRUE
"FINEX","Outstanding samples 4","PETN","ABS-Smooth",0.772837424415279,1.50824503003722,TRUE
"FINEX","Outstanding samples 4","PETN","Steel",1.68375192670633,1.50824503003722,FALSE
"FINEX","Outstanding samples 4","PETN","Steel",0.59183266613716,1.50824503003722,TRUE
"FINEX","Outstanding samples 4","PETN","Steel",2.46481236776458,1.50824503003722,FALSE
"FINEX","Outstanding samples 4","PETN","Steel",2.14096493913888,1.50824503003722,FALSE
"FINEX","Outstanding samples 4","PETN","Steel",2.06324333339175,1.50824503003722,FALSE
"FINEX","Outstanding samples 4","PETN","Steel",3.43934324627259,1.50824503003722,FALSE
"FINEX","Outstanding samples 4","PETN","Steel",8.20491214413251,1.50824503003722,FALSE
"FINEX","Outstanding samples 4","PETN","Steel",3.6393164074375,1.50824503003722,FALSE
"FINEX","Outstanding samples 4","PETN","Steel",3.11335547608929,1.50824503003722,FALSE
"FINEX","Outstanding samples 4","PETN","Steel",6.99292549632172,1.50824503003722,FALSE
"FINEX","Outstanding samples 4","PETN","Steel",5.29267556870609,1.50824503003722,FALSE
"FINEX","Outstanding samples 4","PETN","Steel",3.23580513489891,1.50824503003722,FALSE
"FINEX","Outstanding samples 4","RDX","ABS-Smooth",0,2.79713090791385,TRUE
"FINEX","Outstanding samples 4","RDX","ABS-Smooth",0.3037190610418,2.79713090791385,TRUE
"FINEX","Outstanding samples 4","RDX","ABS-Smooth",0.22177980317135,2.79713090791385,TRUE
"FINEX","Outstanding samples 4","RDX","ABS-Smooth",0.425964554552755,2.79713090791385,TRUE
"FINEX","Outstanding samples 4","RDX","ABS-Smooth",0.0961807223782756,2.79713090791385,TRUE
"FINEX","Outstanding samples 4","RDX","ABS-Smooth",0.297494693560218,2.79713090791385,TRUE
"FINEX","Outstanding samples 4","RDX","Steel",2.47564563183765,2.79713090791385,TRUE
"FINEX","Outstanding samples 4","RDX","Steel",1.00579381725042,2.79713090791385,TRUE
"FINEX","Outstanding samples 4","RDX","Steel",1.35312333022871,2.79713090791385,TRUE
"FINEX","Outstanding samples 4","RDX","Steel",1.30017693638878,2.79713090791385,TRUE
"FINEX","Outstanding samples 4","RDX","Steel",1.43611603593358,2.79713090791385,TRUE
"FINEX","Outstanding samples 4","RDX","Steel",2.14990115565384,2.79713090791385,TRUE
"FINEX","Outstanding samples 4","RDX","Steel",5.64367468077661,2.79713090791385,FALSE
"FINEX","Outstanding samples 4","RDX","Steel",3.6113654943853,2.79713090791385,FALSE
"FINEX","Outstanding samples 4","RDX","Steel",3.4350154373937,2.79713090791385,FALSE
"FINEX","Outstanding samples 4","RDX","Steel",4.45794903612495,2.79713090791385,FALSE
"FINEX","Outstanding samples 4","RDX","Steel",3.65414817627621,2.79713090791385,FALSE
"FINEX","Outstanding samples 4","RDX","Steel",2.09879532462198,2.79713090791385,TRUE
"FINEX","Outstanding samples 5","PETN","ABS-Smooth",1.2190836394625,1.56082553422291,TRUE
"FINEX","Outstanding samples 5","PETN","ABS-Smooth",0.467264959491721,1.56082553422291,TRUE
"FINEX","Outstanding samples 5","PETN","ABS-Smooth",1.88930178262038,1.56082553422291,FALSE
"FINEX","Outstanding samples 5","PETN","ABS-Smooth",0.226581288952186,1.56082553422291,TRUE
"FINEX","Outstanding samples 5","PETN","ABS-Smooth",0.260282883990504,1.56082553422291,TRUE
"FINEX","Outstanding samples 5","PETN","ABS-Smooth",0.265863540854736,1.56082553422291,TRUE
"FINEX","Outstanding samples 5","PETN","ABS-Smooth",1.23135698004837,1.56082553422291,TRUE
"FINEX","Outstanding samples 5","PETN","Steel",2.61071149296794,1.56082553422291,FALSE
"FINEX","Outstanding samples 5","PETN","Steel",0.967518375617571,1.56082553422291,TRUE
"FINEX","Outstanding samples 5","PETN","Steel",4.44843249854101,1.56082553422291,FALSE
"FINEX","Outstanding samples 5","PETN","Steel",3.76138632137369,1.56082553422291,FALSE
"FINEX","Outstanding samples 5","PETN","Steel",3.72635543637924,1.56082553422291,FALSE
"FINEX","Outstanding samples 5","PETN","Steel",5.87853249089634,1.56082553422291,FALSE
"FINEX","Outstanding samples 5","RDX","ABS-Smooth",0,0.51244305841235,TRUE
"FINEX","Outstanding samples 5","RDX","ABS-Smooth",0.0947578019627479,0.51244305841235,TRUE
"FINEX","Outstanding samples 5","RDX","ABS-Smooth",0.0635947197152552,0.51244305841235,TRUE
"FINEX","Outstanding samples 5","RDX","ABS-Smooth",0.306326418283618,0.51244305841235,TRUE
"FINEX","Outstanding samples 5","RDX","ABS-Smooth",0.0264361583906132,0.51244305841235,TRUE
"FINEX","Outstanding samples 5","RDX","ABS-Smooth",0.186479142951558,0.51244305841235,TRUE
"FINEX","Outstanding samples 5","RDX","ABS-Smooth",0.0346941740047364,0.51244305841235,TRUE
"FINEX","Outstanding samples 5","RDX","ABS-Smooth",0,0.51244305841235,TRUE
"FINEX","Outstanding samples 5","RDX","Steel",2.22523988168338,0.51244305841235,FALSE
"FINEX","Outstanding samples 5","RDX","Steel",0.82616507656806,0.51244305841235,FALSE
"FINEX","Outstanding samples 5","RDX","Steel",1.23242280573107,0.51244305841235,FALSE
"FINEX","Outstanding samples 5","RDX","Steel",1.13407953906611,0.51244305841235,FALSE
"FINEX","Outstanding samples 5","RDX","Steel",1.12813184965401,0.51244305841235,FALSE
"FINEX","Outstanding samples 5","RDX","Steel",1.84525942648517,0.51244305841235,FALSE
"FINEX","Outstanding samples","PETN","Steel",0.437105643028087,1.53699857925224,TRUE
"FINEX","Outstanding samples","PETN","ABS-Smooth",0.966410021785167,1.53699857925224,TRUE
"FINEX","Outstanding samples","PETN","Steel",2.61268972360013,1.53699857925224,FALSE
"FINEX","Outstanding samples","PETN","Steel",0.846969339823571,1.53699857925224,TRUE
"FINEX","Outstanding samples","PETN","Steel",3.58959527847066,1.53699857925224,FALSE
"FINEX","Outstanding samples","PETN","Steel",2.77674317463602,1.53699857925224,FALSE
"FINEX","Outstanding samples","PETN","Steel",2.67562235691429,1.53699857925224,FALSE
"FINEX","Outstanding samples","PETN","Steel",4.45707206558239,1.53699857925224,FALSE
"FINEX","Outstanding samples","RDX","Steel",0,1.30178047927304,TRUE
"FINEX","Outstanding samples","RDX","Steel",0,1.30178047927304,TRUE
"FINEX","Outstanding samples","RDX","ABS-Smooth",0,1.30178047927304,TRUE
"FINEX","Outstanding samples","RDX","Steel",0,1.30178047927304,TRUE
"FINEX","Outstanding samples","RDX","Steel",0,1.30178047927304,TRUE
"FINEX","Outstanding samples","RDX","ABS-Smooth",0,1.30178047927304,TRUE
"FINEX","Outstanding samples","RDX","Steel",0,1.30178047927304,TRUE
"FINEX","Outstanding samples","RDX","Steel",0,1.30178047927304,TRUE
"FINEX","Outstanding samples","RDX","ABS-Smooth",0,1.30178047927304,TRUE
"FINEX","Outstanding samples","RDX","ABS-Smooth",0,1.30178047927304,TRUE
"FINEX","Outstanding samples","RDX","ABS-Smooth",0,1.30178047927304,TRUE
"FINEX","Outstanding samples","RDX","Steel",1.44970808286049,1.30178047927304,FALSE
"FINEX","Outstanding samples","RDX","Steel",0.594484043162931,1.30178047927304,TRUE
"FINEX","Outstanding samples","RDX","Steel",0.858329604469916,1.30178047927304,TRUE
"FINEX","Outstanding samples","RDX","Steel",0.842202612694982,1.30178047927304,TRUE
"FINEX","Outstanding samples","RDX","Steel",1.17320167056099,1.30178047927304,TRUE
"FINEX","Outstanding samples","RDX","Steel",1.69480864555676,1.30178047927304,FALSE
"FINEX","Outstanding samples","RDX","Steel",0.228486879476496,1.30178047927304,TRUE
"FINEX","Outstanding samples","RDX","Steel",0.124364103496086,1.30178047927304,TRUE
"FINEX","Steel-1","PETN","Steel",0.0890735464035351,0.36192046038553,TRUE
"FINEX","Steel-1","PETN","Steel",0.168419991592345,0.36192046038553,TRUE
"FINEX","Steel-1","PETN","Steel",0,0.36192046038553,TRUE
"FINEX","Steel-1","PETN","Steel",0.0385393831567147,0.36192046038553,TRUE
"FINEX","Steel-1","PETN","Steel",0.0639020850194626,0.36192046038553,TRUE
"FINEX","Steel-1","PETN","Steel",0,0.36192046038553,TRUE
"FINEX","Steel-1","PETN","Steel",0,0.36192046038553,TRUE
"FINEX","Steel-1","PETN","Steel",0.0532118393046292,0.36192046038553,TRUE
"FINEX","Steel-1","PETN","Steel",0.252869389686788,0.36192046038553,TRUE
"FINEX","Steel-1","PETN","Steel",0.31788060619069,0.36192046038553,TRUE
"FINEX","Steel-1","PETN","Steel",2.93770853072264,0.36192046038553,FALSE
"FINEX","Steel-1","PETN","Steel",3.90644820625956,0.36192046038553,FALSE
"FINEX","Steel-1","PETN","Steel",4.35653857857098,0.36192046038553,FALSE
"FINEX","Steel-1","PETN","Steel",4.37962932738023,0.36192046038553,FALSE
"FINEX","Steel-1","PETN","Steel",5.31739521210789,0.36192046038553,FALSE
"FINEX","Steel-1","PETN","Steel",9.67701086066663,0.36192046038553,FALSE
"FINEX","Steel-1","PETN","Steel",6.55730743089379,0.36192046038553,FALSE
"FINEX","Steel-1","PETN","Steel",8.93907583438345,0.36192046038553,FALSE
"FINEX","Steel-1","PETN","Steel",6.11675569986268,0.36192046038553,FALSE
"FINEX","Steel-1","PETN","Steel",4.60127312446637,0.36192046038553,FALSE
"FINEX","Steel-1","PETN","Steel",4.58534413091951,0.36192046038553,FALSE
"FINEX","Steel-1","PETN","Steel",7.33230756956617,0.36192046038553,FALSE
"FINEX","Steel-1","RDX","Steel",0,0.502916959660596,TRUE
"FINEX","Steel-1","RDX","Steel",1.75112316659876,0.502916959660596,FALSE
"FINEX","Steel-1","RDX","Steel",3.05212101543653,0.502916959660596,FALSE
"FINEX","Steel-1","RDX","Steel",1.4533082757491,0.502916959660596,FALSE
"FINEX","Steel-1","RDX","Steel",0.381804551181862,0.502916959660596,TRUE
"FINEX","Steel-1","RDX","Steel",1.95475718805989,0.502916959660596,FALSE
"FINEX","Steel-1","RDX","Steel",1.66743612610708,0.502916959660596,FALSE
"FINEX","Steel-1","RDX","Steel",0,0.502916959660596,TRUE
"FINEX","Steel-1","RDX","Steel",0.374490801217528,0.502916959660596,TRUE
"FINEX","Steel-1","RDX","Steel",0.574329535593337,0.502916959660596,FALSE
"FINEX","Steel-1","RDX","Steel",1.0255106868157,0.502916959660596,FALSE
"FINEX","Steel-1","RDX","Steel",0.832644658403929,0.502916959660596,FALSE
"FINEX","Steel-1","RDX","Steel",2.98266420505331,0.502916959660596,FALSE
"FINEX","Steel-1","RDX","Steel",2.75845519836132,0.502916959660596,FALSE
"FINEX","Steel-1","RDX","Steel",0.583489293346488,0.502916959660596,FALSE
"FINEX","Steel-1","RDX","Steel",0.625941658180305,0.502916959660596,FALSE
"FINEX","Steel-1","RDX","Steel",0.93464103841127,0.502916959660596,FALSE
"FINEX","Steel-1","RDX","Steel",0.92664054428235,0.502916959660596,FALSE
"FINEX","Steel-1","RDX","Steel",1.35015122345462,0.502916959660596,FALSE
"FINEX","Steel-1","RDX","Steel",1.51741749111886,0.502916959660596,FALSE
"FINEX","Steel-1","RDX","Steel",1.56747529373365,0.502916959660596,FALSE
"FINEX","Steel-1","RDX","Steel",2.55099367468571,0.502916959660596,FALSE
"FINEX","Steel-1","RDX","Steel",1.5401221824783,0.502916959660596,FALSE
"FINEX","Steel 2","PETN","Steel",3.18195923651878,0.66573229015973,FALSE
"FINEX","Steel 2","PETN","Steel",3.33049952718919,0.66573229015973,FALSE
"FINEX","Steel 2","PETN","Steel",3.6002725665747,0.66573229015973,FALSE
"FINEX","Steel 2","PETN","Steel",2.88831938568424,0.66573229015973,FALSE
"FINEX","Steel 2","PETN","Steel",5.42425130863167,0.66573229015973,FALSE
"FINEX","Steel 2","PETN","Steel",4.48708281733571,0.66573229015973,FALSE
"FINEX","Steel 2","PETN","Steel",0.902493256468591,0.66573229015973,FALSE
"FINEX","Steel 2","PETN","Steel",1.70179842462381,0.66573229015973,FALSE
"FINEX","Steel 2","PETN","Steel",1.8483737506193,0.66573229015973,FALSE
"FINEX","Steel 2","PETN","Steel",1.70149053944737,0.66573229015973,FALSE
"FINEX","Steel 2","PETN","Steel",1.45051599110846,0.66573229015973,FALSE
"FINEX","Steel 2","PETN","Steel",3.17434376872185,0.66573229015973,FALSE
"FINEX","Steel 2","PETN","Steel",1.37458682066796,0.66573229015973,FALSE
"FINEX","Steel 2","PETN","Steel",1.19595294363439,0.66573229015973,FALSE
"FINEX","Steel 2","PETN","Steel",1.15827415244227,0.66573229015973,FALSE
"FINEX","Steel 2","PETN","Steel",2.31125825129628,0.66573229015973,FALSE
"FINEX","Steel 2","PETN","Steel",5.78039310890113,0.66573229015973,FALSE
"FINEX","Steel 2","PETN","Steel",0.903397720666139,0.66573229015973,FALSE
"FINEX","Steel 2","PETN","Steel",1.0432670449897,0.66573229015973,FALSE
"FINEX","Steel 2","PETN","Steel",0.448603155993732,0.66573229015973,TRUE
"FINEX","Steel 2","PETN","Steel",0.421032551165318,0.66573229015973,TRUE
"FINEX","Steel 2","PETN","Steel",2.47030907972439,0.66573229015973,FALSE
"FINEX","Steel 2","PETN","Steel",2.39914897620105,0.66573229015973,FALSE
"FINEX","Steel 2","RDX","Steel",2.68259021262095,1.16710641847121,FALSE
"FINEX","Steel 2","RDX","Steel",2.50890919979622,1.16710641847121,FALSE
"FINEX","Steel 2","RDX","Steel",2.13257004292107,1.16710641847121,FALSE
"FINEX","Steel 2","RDX","Steel",82.4099424874387,1.16710641847121,FALSE
"FINEX","Steel 2","RDX","Steel",3.20458839611313,1.16710641847121,FALSE
"FINEX","Steel 2","RDX","Steel",2.90199494251169,1.16710641847121,FALSE
"FINEX","Steel 2","RDX","Steel",0,1.16710641847121,TRUE
"FINEX","Steel 2","RDX","Steel",0.607271801448615,1.16710641847121,TRUE
"FINEX","Steel 2","RDX","Steel",1.6753697587333,1.16710641847121,FALSE
"FINEX","Steel 2","RDX","Steel",1.13189174762063,1.16710641847121,TRUE
"FINEX","Steel 2","RDX","Steel",1.72319393131876,1.16710641847121,FALSE
"FINEX","Steel 2","RDX","Steel",0.625767170763992,1.16710641847121,TRUE
"FINEX","Steel 2","RDX","Steel",1.51520498150105,1.16710641847121,FALSE
"FINEX","Steel 2","RDX","Steel",1.42189397443692,1.16710641847121,FALSE
"FINEX","Steel 2","RDX","Steel",0.922397297791507,1.16710641847121,TRUE
"FINEX","Steel 2","RDX","Steel",0.928463369121958,1.16710641847121,TRUE
"FINEX","Steel 2","RDX","Steel",1.25157900858191,1.16710641847121,FALSE
"FINEX","Steel 2","RDX","Steel",2.94927054700111,1.16710641847121,FALSE
"FINEX","Steel 2","RDX","Steel",0.9134233403342,1.16710641847121,TRUE
"FINEX","Steel 2","RDX","Steel",0.647366734720268,1.16710641847121,TRUE
"FINEX","Steel 2","RDX","Steel",0.37310388268845,1.16710641847121,TRUE
"FINEX","Steel 2","RDX","Steel",0.466709024190929,1.16710641847121,TRUE
"FINEX","Steel 2","RDX","Steel",1.0436786972801,1.16710641847121,TRUE
"FINEX","Steel 2","RDX","Steel",1.54092909026431,1.16710641847121,FALSE
"FINEX","Steel 3","PETN","Steel",5.43923204850836,0.451311452566039,FALSE
"FINEX","Steel 3","PETN","Steel",8.03843196847564,0.451311452566039,FALSE
"FINEX","Steel 3","PETN","Steel",4.29183089466816,0.451311452566039,FALSE
"FINEX","Steel 3","PETN","Steel",1.36151732858182,0.451311452566039,FALSE
"FINEX","Steel 3","PETN","Steel",2.83240279477434,0.451311452566039,FALSE
"FINEX","Steel 3","PETN","Steel",5.00132450196341,0.451311452566039,FALSE
"FINEX","Steel 3","PETN","Steel",1.59855522615863,0.451311452566039,FALSE
"FINEX","Steel 3","PETN","Steel",1.60368232226157,0.451311452566039,FALSE
"FINEX","Steel 3","PETN","Steel",1.39005295882508,0.451311452566039,FALSE
"FINEX","Steel 3","PETN","Steel",1.0598190180597,0.451311452566039,FALSE
"FINEX","Steel 3","PETN","Steel",1.10767734791778,0.451311452566039,FALSE
"FINEX","Steel 3","PETN","Steel",0.621372909958415,0.451311452566039,FALSE
"FINEX","Steel 3","PETN","Steel",11.7321021120797,0.451311452566039,FALSE
"FINEX","Steel 3","PETN","Steel",19.9086934221996,0.451311452566039,FALSE
"FINEX","Steel 3","PETN","Steel",21.6780090996675,0.451311452566039,FALSE
"FINEX","Steel 3","PETN","Steel",22.1514604524696,0.451311452566039,FALSE
"FINEX","Steel 3","PETN","Steel",25.9116354142197,0.451311452566039,FALSE
"FINEX","Steel 3","PETN","Steel",31.7002947560864,0.451311452566039,FALSE
"FINEX","Steel 3","PETN","Steel",14.5175010595038,0.451311452566039,FALSE
"FINEX","Steel 3","PETN","Steel",7.69993035976154,0.451311452566039,FALSE
"FINEX","Steel 3","PETN","Steel",6.83528544120354,0.451311452566039,FALSE
"FINEX","Steel 3","PETN","Steel",12.4944708361966,0.451311452566039,FALSE
"FINEX","Steel 3","PETN","Steel",10.5979292843961,0.451311452566039,FALSE
"FINEX","Steel 3","PETN","Steel",7.38701941205667,0.451311452566039,FALSE
"FINEX","Steel 3","RDX","Steel",1.46178807812266,1.30635709073299,FALSE
"FINEX","Steel 3","RDX","Steel",1.16996536549094,1.30635709073299,TRUE
"FINEX","Steel 3","RDX","Steel",0.784162950542346,1.30635709073299,TRUE
"FINEX","Steel 3","RDX","Steel",0.294975938226709,1.30635709073299,TRUE
"FINEX","Steel 3","RDX","Steel",0.292160865534117,1.30635709073299,TRUE
"FINEX","Steel 3","RDX","Steel",0.27126694743078,1.30635709073299,TRUE
"FINEX","Steel 3","RDX","Steel",0,1.30635709073299,TRUE
"FINEX","Steel 3","RDX","Steel",0.0932595434890827,1.30635709073299,TRUE
"FINEX","Steel 3","RDX","Steel",0.241838224831453,1.30635709073299,TRUE
"FINEX","Steel 3","RDX","Steel",0.190668989771328,1.30635709073299,TRUE
"FINEX","Steel 3","RDX","Steel",0.0317402674492674,1.30635709073299,TRUE
"FINEX","Steel 3","RDX","Steel",0.257686451630386,1.30635709073299,TRUE
"FINEX","Steel 3","RDX","Steel",0.254029714958847,1.30635709073299,TRUE
"FINEX","Steel 3","RDX","Steel",0,1.30635709073299,TRUE
"FINEX","Steel 3","RDX","Steel",1.82531186269659,1.30635709073299,FALSE
"FINEX","Steel 3","RDX","Steel",1.71299705080563,1.30635709073299,FALSE
"FINEX","Steel 3","RDX","Steel",2.26399534918352,1.30635709073299,FALSE
"FINEX","Steel 3","RDX","Steel",2.25169842549252,1.30635709073299,FALSE
"FINEX","Steel 3","RDX","Steel",9.05455817141678,1.30635709073299,FALSE
"FINEX","Steel 3","RDX","Steel",7.63569318518395,1.30635709073299,FALSE
"FINEX","Steel 3","RDX","Steel",7.11129902000349,1.30635709073299,FALSE
"FINEX","Steel 3","RDX","Steel",17.5621554344996,1.30635709073299,FALSE
"FINEX","Steel 3","RDX","Steel",3.95035373907263,1.30635709073299,FALSE
"FINEX","Steel 3","RDX","Steel",4.4627903580478,1.30635709073299,FALSE
"FINEX","Steel 3","RDX","Steel",3.23637026554127,1.30635709073299,FALSE
"FINEX","Steel 3","RDX","Steel",2.07425588957909,1.30635709073299,FALSE
"FINEX","Steel 4","PETN","Steel",2.49311739917031,0.592965861760829,FALSE
"FINEX","Steel 4","PETN","Steel",1.97404352799526,0.592965861760829,FALSE
"FINEX","Steel 4","PETN","Steel",3.49779564200894,0.592965861760829,FALSE
"FINEX","Steel 4","PETN","Steel",3.9090404938914,0.592965861760829,FALSE
"FINEX","Steel 4","PETN","Steel",3.00899874093561,0.592965861760829,FALSE
"FINEX","Steel 4","PETN","Steel",1.10410916291881,0.592965861760829,FALSE
"FINEX","Steel 4","PETN","Steel",5.05092084062561,0.592965861760829,FALSE
"FINEX","Steel 4","PETN","Steel",4.24142598257618,0.592965861760829,FALSE
"FINEX","Steel 4","PETN","Steel",3.10039671663065,0.592965861760829,FALSE
"FINEX","Steel 4","PETN","Steel",3.58673421426765,0.592965861760829,FALSE
"FINEX","Steel 4","PETN","Steel",2.26787363052534,0.592965861760829,FALSE
"FINEX","Steel 4","PETN","Steel",4.826586655083,0.592965861760829,FALSE
"FINEX","Steel 4","PETN","Steel",6.42143606116028,0.592965861760829,FALSE
"FINEX","Steel 4","PETN","Steel",5.76653829895157,0.592965861760829,FALSE
"FINEX","Steel 4","PETN","Steel",4.83202219599611,0.592965861760829,FALSE
"FINEX","Steel 4","PETN","Steel",5.00562775200764,0.592965861760829,FALSE
"FINEX","Steel 4","PETN","Steel",4.47497053996768,0.592965861760829,FALSE
"FINEX","Steel 4","PETN","Steel",4.7156540804592,0.592965861760829,FALSE
"FINEX","Steel 4","PETN","Steel",15.9895817531291,0.592965861760829,FALSE
"FINEX","Steel 4","PETN","Steel",38.2026600678378,0.592965861760829,FALSE
"FINEX","Steel 4","PETN","Steel",46.0124262170183,0.592965861760829,FALSE
"FINEX","Steel 4","PETN","Steel",23.6149063927059,0.592965861760829,FALSE
"FINEX","Steel 4","PETN","Steel",5.47506551699313,0.592965861760829,FALSE
"FINEX","Steel 4","PETN","Steel",19.0704482959606,0.592965861760829,FALSE
"FINEX","Steel 4","RDX","Steel",1.38512771711163,1.30092723987368,FALSE
"FINEX","Steel 4","RDX","Steel",0.35706104371442,1.30092723987368,TRUE
"FINEX","Steel 4","RDX","Steel",0.441314400592742,1.30092723987368,TRUE
"FINEX","Steel 4","RDX","Steel",1.03974562367045,1.30092723987368,TRUE
"FINEX","Steel 4","RDX","Steel",1.18331519727897,1.30092723987368,TRUE
"FINEX","Steel 4","RDX","Steel",0.899898744109747,1.30092723987368,TRUE
"FINEX","Steel 4","RDX","Steel",1.74163211295213,1.30092723987368,FALSE
"FINEX","Steel 4","RDX","Steel",2.08828346164815,1.30092723987368,FALSE
"FINEX","Steel 4","RDX","Steel",1.03118470007136,1.30092723987368,TRUE
"FINEX","Steel 4","RDX","Steel",1.4340567997009,1.30092723987368,FALSE
"FINEX","Steel 4","RDX","Steel",0.342797163877424,1.30092723987368,TRUE
"FINEX","Steel 4","RDX","Steel",2.07775017348833,1.30092723987368,FALSE
"FINEX","Steel 4","RDX","Steel",0.957788097946044,1.30092723987368,TRUE
"FINEX","Steel 4","RDX","Steel",1.02669366256211,1.30092723987368,TRUE
"FINEX","Steel 4","RDX","Steel",1.24282775501845,1.30092723987368,TRUE
"FINEX","Steel 4","RDX","Steel",1.25809017060712,1.30092723987368,TRUE
"FINEX","Steel 4","RDX","Steel",1.0013540874106,1.30092723987368,TRUE
"FINEX","Steel 4","RDX","Steel",1.10299692985403,1.30092723987368,TRUE
"FINEX","Steel 4","RDX","Steel",1.48226285276164,1.30092723987368,FALSE
"FINEX","Steel 4","RDX","Steel",2.88637203887821,1.30092723987368,FALSE
"FINEX","Steel 4","RDX","Steel",4.48770561721081,1.30092723987368,FALSE
"FINEX","Steel 4","RDX","Steel",1.5484814026179,1.30092723987368,FALSE
"FINEX","Steel 4","RDX","Steel",2.93195441203017,1.30092723987368,FALSE
"FINEX","Steel 4","RDX","Steel",2.30057054303904,1.30092723987368,FALSE
"FINEX","Steel 5","PETN","Steel",0.334193137140998,2.06109889380584,TRUE
"FINEX","Steel 5","PETN","Steel",0.417807605339646,2.06109889380584,TRUE
"FINEX","Steel 5","PETN","Steel",0.0945332322266656,2.06109889380584,TRUE
"FINEX","Steel 5","PETN","Steel",0.0744593472036944,2.06109889380584,TRUE
"FINEX","Steel 5","PETN","Steel",0.251457159512224,2.06109889380584,TRUE
"FINEX","Steel 5","PETN","Steel",0.23784601056923,2.06109889380584,TRUE
"FINEX","Steel 5","PETN","Steel",0.142634724826628,2.06109889380584,TRUE
"FINEX","Steel 5","PETN","Steel",0.129319526023316,2.06109889380584,TRUE
"FINEX","Steel 5","PETN","Steel",0.25342849316684,2.06109889380584,TRUE
"FINEX","Steel 5","PETN","Steel",0.514773162594532,2.06109889380584,TRUE
"FINEX","Steel 5","PETN","Steel",0.34169317882109,2.06109889380584,TRUE
"FINEX","Steel 5","PETN","Steel",1.18205600889414,2.06109889380584,TRUE
"FINEX","Steel 5","PETN","Steel",1.34743240510677,2.06109889380584,TRUE
"FINEX","Steel 5","PETN","Steel",0.62448212945381,2.06109889380584,TRUE
"FINEX","Steel 5","PETN","Steel",0.587740733480165,2.06109889380584,TRUE
"FINEX","Steel 5","PETN","Steel",3.70126983491973,2.06109889380584,FALSE
"FINEX","Steel 5","PETN","Steel",3.31220965353231,2.06109889380584,FALSE
"FINEX","Steel 5","PETN","Steel",11.50774485242,2.06109889380584,FALSE
"FINEX","Steel 5","PETN","Steel",6.33250306283879,2.06109889380584,FALSE
"FINEX","Steel 5","PETN","Steel",5.35302418683043,2.06109889380584,FALSE
"FINEX","Steel 5","PETN","Steel",10.3699637828662,2.06109889380584,FALSE
"FINEX","Steel 5","PETN","Steel",7.89824314800514,2.06109889380584,FALSE
"FINEX","Steel 5","PETN","Steel",5.63579406698263,2.06109889380584,FALSE
"FINEX","Steel 5","RDX","Steel",0,1.3356284412961,TRUE
"FINEX","Steel 5","RDX","Steel",1.25313741504291,1.3356284412961,TRUE
"FINEX","Steel 5","RDX","Steel",2.43006189603898,1.3356284412961,FALSE
"FINEX","Steel 5","RDX","Steel",1.09101282929104,1.3356284412961,TRUE
"FINEX","Steel 5","RDX","Steel",0.219681848851054,1.3356284412961,TRUE
"FINEX","Steel 5","RDX","Steel",1.44999617755999,1.3356284412961,FALSE
"FINEX","Steel 5","RDX","Steel",1.18011186841409,1.3356284412961,TRUE
"FINEX","Steel 5","RDX","Steel",0,1.3356284412961,TRUE
"FINEX","Steel 5","RDX","Steel",0.180664723383413,1.3356284412961,TRUE
"FINEX","Steel 5","RDX","Steel",0.243868033279497,1.3356284412961,TRUE
"FINEX","Steel 5","RDX","Steel",0.563619049424559,1.3356284412961,TRUE
"FINEX","Steel 5","RDX","Steel",0.48440709005554,1.3356284412961,TRUE
"FINEX","Steel 5","RDX","Steel",1.96450559078446,1.3356284412961,FALSE
"FINEX","Steel 5","RDX","Steel",1.95985680871587,1.3356284412961,FALSE
"FINEX","Steel 5","RDX","Steel",0.440442549582164,1.3356284412961,TRUE
"FINEX","Steel 5","RDX","Steel",0.209376426088637,1.3356284412961,TRUE
"FINEX","Steel 5","RDX","Steel",0.00418095198894379,1.3356284412961,TRUE
"FINEX","Steel 5","RDX","Steel",0.0497846501115818,1.3356284412961,TRUE
"FINEX","Steel 5","RDX","Steel",0.591214154808912,1.3356284412961,TRUE
"FINEX","Steel 5","RDX","Steel",1.00170865085583,1.3356284412961,TRUE
"FINEX","Steel 5","RDX","Steel",4.65561305041337,1.3356284412961,FALSE
"FINEX","Steel 5","RDX","Steel",2.56519365770136,1.3356284412961,FALSE
"FINEX","Steel 5","RDX","Steel",2.99568069045023,1.3356284412961,FALSE
"FINEX","Steel 5","RDX","Steel",3.13589047829691,1.3356284412961,FALSE
"FINEX","Steel 5","RDX","Steel",2.23560769057931,1.3356284412961,FALSE
"FINEX","Steel 5","RDX","Steel",1.46292377735845,1.3356284412961,FALSE
