"Model","R2","QC_pred_mean","QC_pred_sd","QC_pred_bias_pct","QC_pred_n","Study","Dataset","Analyte","CalibrationSet"
"QuadX1",0.99482721743012,0.0632858583120504,0.0682847441547258,-64.8411898266387,5,"FINEX","20260813","PETN",1
"QuadX2",0.994782388660844,0.0506244027911319,0.0716382325805459,-71.8753317827045,5,"FINEX","20260813","PETN",1
"LinX1",0.994593383566204,0.0750772530814622,0.0651774150899223,-58.2904149547432,5,"FINEX","20260813","PETN",1
"LinX2",0.993651692024044,0.0609691324799261,0.0663208784621405,-66.1282597333744,5,"FINEX","20260813","PETN",1
"QuadOLS",0.990780845563137,0.179014263861818,0.0620304240763836,-0.547631187878786,5,"FINEX","20260813","PETN",1
"QuadX1",0.998170264185337,0.0334807863084989,0.0748653141259477,-81.3995631619451,5,"FINEX","20260813","RDX",1
"QuadX2",0.997825468577112,0.0353471676525348,0.0790386696831495,-80.3626846374807,5,"FINEX","20260813","RDX",1
"LinX1",0.996253139959392,0.0375145507959812,0.0838850857251829,-79.1585828911215,5,"FINEX","20260813","RDX",1
"LinX2",0.99705446945989,0.0355139337295278,0.0794115699676467,-80.270036816929,5,"FINEX","20260813","RDX",1
"QuadOLS",0.997586880034762,0.00692653947320692,0.0154882131109263,-96.151922514885,5,"FINEX","20260813","RDX",1
"QuadX1",0.996292545595467,0.0686173049038874,0.131339807644438,-61.8792750533959,5,"FINEX","ABS-S-1","PETN",1
"QuadX2",0.996635206223291,0.100155962106167,0.115417593045453,-44.3577988299074,5,"FINEX","ABS-S-1","PETN",1
"LinX1",0.961772112990502,0.211512147230077,0.0590763219826839,17.5067484611541,5,"FINEX","ABS-S-1","PETN",1
"LinX2",0.956974818482184,0.140815798512849,0.0653310846439678,-21.7690008261952,5,"FINEX","ABS-S-1","PETN",1
"QuadOLS",0.993866545898981,0,0,-100,5,"FINEX","ABS-S-1","PETN",1
"QuadX1",0.999754333751581,0.320362197446066,0.0782939051044553,77.9789985811475,5,"FINEX","ABS-S-1","RDX",1
"QuadX2",0.999628837106702,0.320592943920833,0.0764631284743664,78.1071910671293,5,"FINEX","ABS-S-1","RDX",1
"LinX1",0.999635832833726,0.32065630738551,0.0759576224134756,78.1423929919498,5,"FINEX","ABS-S-1","RDX",1
"LinX2",0.999621854806357,0.319888523603468,0.0760620275623962,77.7158464463711,5,"FINEX","ABS-S-1","RDX",1
"QuadOLS",0.999741317349161,0.278542948367711,0.081434597600979,54.7460824265059,5,"FINEX","ABS-S-1","RDX",1
"QuadX1",0.994903645478936,0.0727976296336516,0.12891114619887,-59.5568724257491,5,"FINEX","ABS-S-2","PETN",1
"QuadX2",0.995497382296952,0.106841915329824,0.11176549520686,-40.6433803723199,5,"FINEX","ABS-S-2","PETN",1
"LinX1",0.961040376277213,0.212095219747965,0.0586328808773406,17.8306776377581,5,"FINEX","ABS-S-2","PETN",1
"LinX2",0.957971264672033,0.143423181424748,0.0646682102078081,-20.3204547640289,5,"FINEX","ABS-S-2","PETN",1
"QuadOLS",0.991410412982001,0,0,-100,5,"FINEX","ABS-S-2","PETN",1
"QuadX1",0.999828818176066,0.285908362325872,0.0200956477936953,58.837979069929,5,"FINEX","ABS-S-2","RDX",1
"QuadX2",0.999776335162604,0.286586409259537,0.0197792384144677,59.2146718108539,5,"FINEX","ABS-S-2","RDX",1
"LinX1",0.999806324682865,0.286483303535101,0.0198273416868661,59.1573908528337,5,"FINEX","ABS-S-2","RDX",1
"LinX2",0.999775441756339,0.286774723308462,0.0198175938799361,59.3192907269232,5,"FINEX","ABS-S-2","RDX",1
"QuadOLS",0.999731736320607,0.257720208131527,0.0206285333414774,43.1778934064037,5,"FINEX","ABS-S-2","RDX",1
"QuadX1",0.997873305036217,0.0333223647295291,0.0666447294590582,-81.4875751502616,4,"FINEX","G and T 1","PETN",1
"QuadX2",0.996022891171845,0.03816289352725,0.0724309832167394,-78.7983924848611,4,"FINEX","G and T 1","PETN",1
"LinX1",0.996398480647513,0.0451050790738441,0.0736342212444006,-74.9416227367533,4,"FINEX","G and T 1","PETN",1
"LinX2",0.995729370436212,0.0403083813907591,0.0722817730479323,-77.6064547829116,4,"FINEX","G and T 1","PETN",1
"QuadOLS",0.998377956183447,0.00261404871873664,0.00522809743747328,-98.547750711813,4,"FINEX","G and T 1","PETN",1
"QuadX1",0.999664840897201,0.203421491666932,0.0113911468305494,13.0119398149624,5,"FINEX","G and T 1","RDX",1
"QuadX2",0.999642416953363,0.20060623582446,0.0116514508329191,11.4479087913668,5,"FINEX","G and T 1","RDX",1
"LinX1",0.999438772763494,0.208769418560266,0.0108979535961516,15.9830103112589,5,"FINEX","G and T 1","RDX",1
"LinX2",0.999023931979681,0.20009329704722,0.0110389768554854,11.1629428040108,5,"FINEX","G and T 1","RDX",1
"QuadOLS",0.999502878017216,0.248623351227631,0.0109369682936466,38.1240840153505,5,"FINEX","G and T 1","RDX",1
"QuadX1",0.999976251637614,0.106857867987981,0.0584067598923379,-40.634517784455,4,"FINEX","Lab10-1","PETN",1
"QuadX2",0.999975760872225,0.105970200644069,0.058654420373918,-41.1276663088505,4,"FINEX","Lab10-1","PETN",1
"LinX1",0.97538621669172,0.208257603700948,0.031165447871996,15.6986687227489,4,"FINEX","Lab10-1","PETN",1
"LinX2",0.964425155463955,0.141258401630924,0.0342773918580112,-21.5231102050422,4,"FINEX","Lab10-1","PETN",1
"QuadOLS",0.99995939992589,0.126001448659251,0.0572273333068737,-29.9991951893052,4,"FINEX","Lab10-1","PETN",1
"QuadX1",0.999872074699119,0.224906026170035,0.0338383824066179,24.947792316686,5,"FINEX","Lab10-1","RDX",1
"QuadX2",0.999766485182509,0.226551978233751,0.0332962782767245,25.8622101298619,5,"FINEX","Lab10-1","RDX",1
"LinX1",0.999817919557864,0.22707198355177,0.0331251266788552,26.1511019732053,5,"FINEX","Lab10-1","RDX",1
"LinX2",0.999762616206454,0.226404749284576,0.0331590170469042,25.7804162692088,5,"FINEX","Lab10-1","RDX",1
"QuadOLS",0.999890113561876,0.203696709976088,0.0344861609347927,13.1648388756042,5,"FINEX","Lab10-1","RDX",1
"QuadX1",0.999830011297451,0.0909627170422416,0.0553991746918276,-49.4651571987547,5,"FINEX","Lab17-1","PETN",1
"QuadX2",0.999852741800687,0.090454983754059,0.0555232577001755,-49.747231247745,5,"FINEX","Lab17-1","PETN",1
"LinX1",0.983069023574599,0.180506676076203,0.0341014262208134,0.281486709001867,5,"FINEX","Lab17-1","PETN",1
"LinX2",0.976410595174347,0.124199575105428,0.0368494732027962,-31.00023605254,5,"FINEX","Lab17-1","PETN",1
"QuadOLS",0.999636693070056,0.0796772242206582,0.0560169071928949,-55.7348754329677,5,"FINEX","Lab17-1","PETN",1
"QuadX1",0.999823237184881,0.231229301517004,0.0428075301914241,28.4607230650022,5,"FINEX","Lab17-1","RDX",1
"QuadX2",0.999724628808835,0.233136838237186,0.0419656138257076,29.5204656873257,5,"FINEX","Lab17-1","RDX",1
"LinX1",0.999763123260602,0.233373145135274,0.0418613688743744,29.6517472973746,5,"FINEX","Lab17-1","RDX",1
"LinX2",0.999723717546667,0.233052448840225,0.0418821545555379,29.4735826890139,5,"FINEX","Lab17-1","RDX",1
"QuadOLS",0.99980944443366,0.196318053967036,0.0441638203119255,9.06558553724216,5,"FINEX","Lab17-1","RDX",1
"QuadX1",0.999193505845416,0.0367117279805127,0.0820899193359075,-79.6045955663818,5,"FINEX","Lab29","PETN",1
"QuadX2",0.998961372154418,0.0353279204655062,0.0789956316645779,-80.3733775191632,5,"FINEX","Lab29","PETN",1
"LinX1",0.99478534412265,0.0451575731200167,0.0928029742615648,-74.9124593777685,5,"FINEX","Lab29","PETN",1
"LinX2",0.990741557297726,0.0358779060925991,0.0802254369134054,-80.0678299485561,5,"FINEX","Lab29","PETN",1
"QuadOLS",0.999005884173476,0.068108838203345,0.109936055822606,-62.1617565536972,5,"FINEX","Lab29","PETN",1
"QuadX1",0.999746472266578,0.193755020569663,0.0218767539989075,7.64167809425723,5,"FINEX","Lab29","RDX",1
"QuadX2",0.999556629249731,0.19573973881319,0.0215496046259413,8.74429934066124,5,"FINEX","Lab29","RDX",1
"LinX1",0.99848597738714,0.207383370654276,0.0196378886550236,15.2129836968202,5,"FINEX","Lab29","RDX",1
"LinX2",0.998380181636893,0.19538881411542,0.0199884808772387,8.54934117523335,5,"FINEX","Lab29","RDX",1
"QuadOLS",0.999714836122896,0.182330341531673,0.0221036223177573,1.29463418426267,5,"FINEX","Lab29","RDX",1
"QuadX1",0.999404033527881,0.0366911629887998,0.0820439346164806,-79.6160205617779,5,"FINEX","Lab33","PETN",1
"QuadX2",0.999319835899801,0.0355358717996892,0.0794606249838229,-80.2578490001727,5,"FINEX","Lab33","PETN",1
"LinX1",0.993679334871419,0.0476743907276993,0.0939905754411563,-73.5142273735004,5,"FINEX","Lab33","PETN",1
"LinX2",0.989538138921371,0.0360921499945672,0.0807045008419709,-79.9488055585738,5,"FINEX","Lab33","PETN",1
"QuadOLS",0.999222135846194,0.0592303983760654,0.114553088445072,-67.0942231244081,5,"FINEX","Lab33","PETN",1
"QuadX1",0.99969631486967,0.19413807170461,0.025334733414662,7.85448428033888,5,"FINEX","Lab33","RDX",1
"QuadX2",0.99952213623288,0.198171561988865,0.0245644403763582,10.095312216036,5,"FINEX","Lab33","RDX",1
"LinX1",0.998446700709509,0.207670628480123,0.0227568162046797,15.3725713778463,5,"FINEX","Lab33","RDX",1
"LinX2",0.998714067177086,0.197735721528263,0.0230934706238465,9.85317862681288,5,"FINEX","Lab33","RDX",1
"QuadOLS",0.999739678469937,0.136992164051338,0.0266636168635292,-23.8932421937009,5,"FINEX","Lab33","RDX",1
"QuadX1",0.999756712060357,0.101314571087993,0.0682159761545679,-43.7141271733374,3,"FINEX","Lab9","PETN",1
"QuadX2",0.999685238719515,0.10356579831082,0.067516327892217,-42.463445382878,3,"FINEX","Lab9","PETN",1
"LinX1",0.994940419657498,0.146907040788388,0.054215913715889,-18.3849773397846,3,"FINEX","Lab9","PETN",1
"LinX2",0.993940852087073,0.117952318687428,0.0563594829030008,-34.47093406254,3,"FINEX","Lab9","PETN",1
"QuadOLS",0.999600893354074,0.0883711562472571,0.0690076766366309,-50.9049131959683,3,"FINEX","Lab9","PETN",1
"QuadX1",0.999076980309923,0.198211738561673,0.0128068353819821,10.1176325342625,5,"FINEX","Lab9","RDX",1
"QuadX2",0.998460943530155,0.203704564938658,0.0122597352492819,13.1692027436988,5,"FINEX","Lab9","RDX",1
"LinX1",0.998991315954169,0.201643595622282,0.012464796586347,12.0242197901567,5,"FINEX","Lab9","RDX",1
"LinX2",0.998420855464413,0.203876607788254,0.0124237189838752,13.2647821045857,5,"FINEX","Lab9","RDX",1
"QuadOLS",0.999084511109539,0.13371353342275,0.0135483023146499,-25.7147036540278,5,"FINEX","Lab9","RDX",1
"QuadX1",0.999133771868108,0.0617021977632869,0.0753772497656335,-65.7210012426184,5,"FINEX","Outstanding samples 2","PETN",1
"QuadX2",0.999019939126644,0.0614821405789463,0.0754412067006185,-65.8432552339187,5,"FINEX","Outstanding samples 2","PETN",1
"LinX1",0.996392639080916,0.102305144107067,0.0636719188852018,-43.1638088294072,5,"FINEX","Outstanding samples 2","PETN",1
"LinX2",0.995502089869729,0.0782852336127682,0.0656404152919566,-56.5082035484621,5,"FINEX","Outstanding samples 2","PETN",1
"QuadOLS",0.998482924174491,0.0796749802476613,0.0742370714427823,-55.7361220846326,5,"FINEX","Outstanding samples 2","PETN",1
"QuadX1",0.990997830934099,0.172300508890578,0.00703379791833586,-4.27749506079,5,"FINEX","Outstanding samples 2","RDX",1
"QuadX2",0.990259708114095,0.189105643566921,0.00626336296143085,5.05869087051179,5,"FINEX","Outstanding samples 2","RDX",1
"LinX1",0.990115187710691,0.185603427510426,0.00642324362538338,3.11301528357003,5,"FINEX","Outstanding samples 2","RDX",1
"LinX2",0.990168268409734,0.189070110688351,0.00639114130223606,5.03895038241695,5,"FINEX","Outstanding samples 2","RDX",1
"QuadOLS",0.987059017670827,0,0,-100,5,"FINEX","Outstanding samples 2","RDX",1
"QuadX1",0.999297246353537,0.0337001418359412,0.075355807996549,-81.2776989800327,5,"FINEX","Outstanding samples 3","PETN",1
"QuadX2",0.999235809476638,0.0351598970213645,0.0754557852934709,-80.4667238770197,5,"FINEX","Outstanding samples 3","PETN",1
"LinX1",0.99689497292315,0.0742816849036141,0.0652127418944294,-58.7323972757699,5,"FINEX","Outstanding samples 3","PETN",1
"LinX2",0.996571071149955,0.0526337841554127,0.0669665205088232,-70.7590088025485,5,"FINEX","Outstanding samples 3","PETN",1
"QuadOLS",0.998643802267857,0.03067103270283,0.0685825140636469,-82.9605373873167,5,"FINEX","Outstanding samples 3","PETN",1
"QuadX1",0.990955047561495,0.172520333767789,0.00965726966470521,-4.15537012900589,5,"FINEX","Outstanding samples 3","RDX",1
"QuadX2",0.99004330854784,0.189965150471222,0.00855786234881337,5.53619470623434,5,"FINEX","Outstanding samples 3","RDX",1
"LinX1",0.989762291549664,0.187965744060712,0.00868325839796636,4.42541336706245,5,"FINEX","Outstanding samples 3","RDX",1
"LinX2",0.990013007297473,0.189954719743703,0.00865827441283117,5.53039985761249,5,"FINEX","Outstanding samples 3","RDX",1
"QuadOLS",0.987377118783661,0,0,-100,5,"FINEX","Outstanding samples 3","RDX",1
"QuadX1",0.995393947676408,0.082129916916441,0.078708554194951,-54.372268379755,4,"FINEX","Outstanding samples 4","PETN",1
"QuadX2",0.993324108815386,0.0735866116281723,0.0814714333140912,-59.1185490954598,4,"FINEX","Outstanding samples 4","PETN",1
"LinX1",0.989573734701997,0.0429912408055442,0.0859824816110884,-76.1159773302532,4,"FINEX","Outstanding samples 4","PETN",1
"LinX2",0.989014647546959,0.0566886660491925,0.0931998950379848,-68.5062966393375,4,"FINEX","Outstanding samples 4","PETN",1
"QuadOLS",0.992711511393903,0.0885471292479177,0.0783269443268441,-50.8071504178235,4,"FINEX","Outstanding samples 4","PETN",1
"QuadX1",0.991247964277642,0.169635906857629,0.00494661104087393,-5.75782952353923,4,"FINEX","Outstanding samples 4","RDX",1
"QuadX2",0.990465409321947,0.18668088043354,0.00440619685327537,3.71160024085544,4,"FINEX","Outstanding samples 4","RDX",1
"LinX1",0.990254384638253,0.183994111950032,0.00449100034603065,2.218951083351,4,"FINEX","Outstanding samples 4","RDX",1
"LinX2",0.990413303153384,0.186616784261968,0.00447405897362638,3.6759912566491,4,"FINEX","Outstanding samples 4","RDX",1
"QuadOLS",0.98749749438687,0,0,-100,4,"FINEX","Outstanding samples 4","RDX",1
"QuadX1",0.997546050663345,0.0374741902515991,0.0800963218333808,-79.1810054157783,5,"FINEX","Outstanding samples 5","PETN",1
"QuadX2",0.997984893862906,0.0343254811649406,0.0767541092451958,-80.9302882416997,5,"FINEX","Outstanding samples 5","PETN",1
"LinX1",0.995213038795044,0.0747725380272559,0.0708884922914291,-58.4597010959689,5,"FINEX","Outstanding samples 5","PETN",1
"LinX2",0.992436094720987,0.0434882726883781,0.0736452152893039,-75.8398485064566,5,"FINEX","Outstanding samples 5","PETN",1
"QuadOLS",0.995074801407052,0.190516220176209,0.0724687907504337,5.8423445423382,5,"FINEX","Outstanding samples 5","PETN",1
"QuadX1",0.999642843676559,0.191859128346765,0.0185245635268137,6.58840463709174,5,"FINEX","Outstanding samples 5","RDX",1
"QuadX2",0.999372572495351,0.194527842706245,0.0181588865621052,8.07102372569186,5,"FINEX","Outstanding samples 5","RDX",1
"LinX1",0.999641554389141,0.192300900566448,0.0184639969515467,6.83383364802654,5,"FINEX","Outstanding samples 5","RDX",1
"LinX2",0.999332014223976,0.194576900896197,0.0184028211453885,8.0982782756652,5,"FINEX","Outstanding samples 5","RDX",1
"QuadOLS",0.999622824022598,0.169829630186792,0.0188814927692647,-5.65020545178197,5,"FINEX","Outstanding samples 5","RDX",1
"QuadX1",0.997307231256872,0.0746792671887094,0.0596534734575686,-58.5115182284948,5,"FINEX","Outstanding samples","PETN",1
"QuadX2",0.997276316955622,0.0633534566469974,0.0623908517856804,-64.8036351961126,5,"FINEX","Outstanding samples","PETN",1
"LinX1",0.996428488355596,0.0964917747124711,0.0544176952568838,-46.3934584930716,5,"FINEX","Outstanding samples","PETN",1
"LinX2",0.994947987566197,0.0767987073602882,0.0557867831453077,-57.3340514665066,5,"FINEX","Outstanding samples","PETN",1
"QuadOLS",0.995549546122153,0.192848543688406,0.0539625388881332,7.13807982689205,5,"FINEX","Outstanding samples","PETN",1
"QuadX1",0.99823551244176,0.109168536905968,0.100855350506846,-39.3508128300179,5,"FINEX","Outstanding samples","RDX",1
"QuadX2",0.997818968130266,0.114429316887544,0.105468577421905,-36.4281572846976,5,"FINEX","Outstanding samples","RDX",1
"LinX1",0.996338515077484,0.120103849464362,0.110472534619877,-33.2756391864654,5,"FINEX","Outstanding samples","RDX",1
"LinX2",0.997105469066311,0.114435465697548,0.105363357367766,-36.4247412791399,5,"FINEX","Outstanding samples","RDX",1
"QuadOLS",0.997810455443652,0.0282423722312711,0.0311490557187452,-84.3097932048494,5,"FINEX","Outstanding samples","RDX",1
"QuadX1",0.999901274889904,0.024737535389049,0.0553148107257202,-86.2569247838617,5,"FINEX","Steel-1","PETN",1
"QuadX2",0.999910874798693,0.0246878690105309,0.0552037533271575,-86.2845172163718,5,"FINEX","Steel-1","PETN",1
"LinX1",0.992206427659211,0.0384617591660778,0.0767142041049747,-78.6323560188457,5,"FINEX","Steel-1","PETN",1
"LinX2",0.989646781578856,0.027634909510742,0.0617935362180747,-84.6472724940322,5,"FINEX","Steel-1","PETN",1
"QuadOLS",0.999792019642494,0.0244751482096487,0.0547280951561568,-86.402695439084,5,"FINEX","Steel-1","PETN",1
"QuadX1",0.99971546753717,0.199404932629851,0.0146785917497477,10.7805181276953,5,"FINEX","Steel-1","RDX",1
"QuadX2",0.999529702928067,0.201132647863214,0.0144791617366571,11.7403599240077,5,"FINEX","Steel-1","RDX",1
"LinX1",0.998685270194508,0.211198034951489,0.0133215135427695,17.3322416397161,5,"FINEX","Steel-1","RDX",1
"LinX2",0.998576195453509,0.200461986560576,0.0135356024573283,11.3677703114312,5,"FINEX","Steel-1","RDX",1
"QuadOLS",0.999650668730586,0.190192854167658,0.0148013283384728,5.66269675980981,5,"FINEX","Steel-1","RDX",1
"QuadX1",0.999539499307908,0.112661317925429,0.0517135310734386,-37.4103789303172,4,"FINEX","Steel 2","PETN",1
"QuadX2",0.999333005208607,0.115005363755091,0.0511365128368987,-36.1081312471717,4,"FINEX","Steel 2","PETN",1
"LinX1",0.997595796529249,0.140081854472165,0.0450062614089961,-22.1767475154637,4,"FINEX","Steel 2","PETN",1
"LinX2",0.997246652242595,0.122498601502902,0.0460768798010448,-31.9452213872767,4,"FINEX","Steel 2","PETN",1
"QuadOLS",0.999337119040784,0.110434771545466,0.0518134913596054,-38.6473491414081,4,"FINEX","Steel 2","PETN",1
"QuadX1",0.998335591212386,0.181151215890489,0.00761096253318664,0.639564383605246,5,"FINEX","Steel 2","RDX",1
"QuadX2",0.997268669980655,0.190608610329448,0.0071142250268636,5.89367240524896,5,"FINEX","Steel 2","RDX",1
"LinX1",0.997982854738101,0.189044961087585,0.00719615106414559,5.02497838199175,5,"FINEX","Steel 2","RDX",1
"LinX2",0.99724980059153,0.190606374983756,0.00717987136494999,5.89243054653106,5,"FINEX","Steel 2","RDX",1
"QuadOLS",0.998614031759156,0.0487978321900119,0.00853169566206574,-72.8900932277712,5,"FINEX","Steel 2","RDX",1
"QuadX1",0.999800135820157,0.0777441168829538,0.0606429315266679,-56.8088239539145,4,"FINEX","Steel 3","PETN",1
"QuadX2",0.99970767906026,0.0791729573383,0.0602857940300865,-56.0150237009444,4,"FINEX","Steel 3","PETN",1
"LinX1",0.99704728288415,0.115855843567743,0.0512030699067742,-35.6356424623652,4,"FINEX","Steel 3","PETN",1
"LinX2",0.996431798710756,0.0930916314252646,0.0527299516048974,-48.2824269859641,4,"FINEX","Steel 3","PETN",1
"QuadOLS",0.999718680850381,0.0825357074684916,0.060393873676868,-54.1468291841713,4,"FINEX","Steel 3","PETN",1
"QuadX1",0.997953846078001,0.185021380959329,0.0166456912607592,2.78965608851636,5,"FINEX","Steel 3","RDX",1
"QuadX2",0.997393538980797,0.194642390937253,0.0155146466523152,8.13466163180708,5,"FINEX","Steel 3","RDX",1
"LinX1",0.997480106914077,0.193929127569989,0.0155982949571802,7.73840420554937,5,"FINEX","Steel 3","RDX",1
"LinX2",0.997389359738206,0.194658708230795,0.0155816890457664,8.1437267948862,5,"FINEX","Steel 3","RDX",1
"QuadOLS",0.997720515803681,0.0253344880541004,0.0191012267329234,-85.9252844143887,5,"FINEX","Steel 3","RDX",1
"QuadX1",0.999655724034943,0.0696204726229566,0.0890970620842717,-61.321959653913,3,"FINEX","Steel 4","PETN",1
"QuadX2",0.999581274333593,0.069335459753031,0.0891985835665789,-61.480300137205,3,"FINEX","Steel 4","PETN",1
"LinX1",0.996872983749896,0.10928356215955,0.0751068486978481,-39.2869099113613,3,"FINEX","Steel 4","PETN",1
"LinX2",0.995997514832982,0.0852634123953524,0.0774499388830435,-52.6314375581376,3,"FINEX","Steel 4","PETN",1
"QuadOLS",0.999447787481294,0.0884335464690634,0.0876708287872117,-50.8702519616315,3,"FINEX","Steel 4","PETN",1
"QuadX1",0.998271363472986,0.0404828902052293,0.0734667668880019,-77.5095054415393,5,"FINEX","Steel 4","RDX",1
"QuadX2",0.997996744870643,0.0454699949225741,0.0771046042568587,-74.7388917096811,5,"FINEX","Steel 4","RDX",1
"LinX1",0.996119053232894,0.0526853397916368,0.0832591589084646,-70.730366782424,5,"FINEX","Steel 4","RDX",1
"LinX2",0.996948757449758,0.0476434012639409,0.0777326708527164,-73.5314437422551,5,"FINEX","Steel 4","RDX",1
"QuadOLS",0.99761338256446,0.00937188839136637,0.0209561795206364,-94.7933953381298,5,"FINEX","Steel 4","RDX",1
"QuadX1",0.995399661479544,0.0743460317532914,0.0617051472971885,-58.6966490259492,5,"FINEX","Steel 5","PETN",1
"QuadX2",0.995355909867815,0.0628757113190699,0.06457187919822,-65.0690492671834,5,"FINEX","Steel 5","PETN",1
"LinX1",0.9940165525155,0.101785068012835,0.054903198686236,-43.4527399928694,5,"FINEX","Steel 5","PETN",1
"LinX2",0.992140025269243,0.0787649142708644,0.0565288618057155,-56.2417142939643,5,"FINEX","Steel 5","PETN",1
"QuadOLS",0.991682609116224,0.173355008902595,0.0567126585175381,-3.69166172078055,5,"FINEX","Steel 5","PETN",1
"QuadX1",0.998138928599749,0.0310485552679245,0.0694266801822383,-82.7508026289309,5,"FINEX","Steel 5","RDX",1
"QuadX2",0.997833802679809,0.0330661122925261,0.0739380748377298,-81.6299376152633,5,"FINEX","Steel 5","RDX",1
"LinX1",0.99626850545258,0.0353400295309444,0.0790227083580416,-80.3666502605865,5,"FINEX","Steel 5","RDX",1
"LinX2",0.997102137094884,0.0333605240209335,0.074596399475822,-81.4663755439258,5,"FINEX","Steel 5","RDX",1
"QuadOLS",0.997539929751602,0.00310206215666836,0.00693642185274005,-98.2766321351842,5,"FINEX","Steel 5","RDX",1
"QuadX1",0.994100322275798,0.050044558026711,0.0529979730511057,-72.1974677629383,8,"ASTRA","Analysis1","PETN",1
"QuadX2",0.994081159156396,0.037255059136329,0.0555121140231101,-79.3027449242616,8,"ASTRA","Analysis1","PETN",1
"LinX1",0.992625509871849,0.081199439440179,0.0469294976826366,-54.8892003110117,8,"ASTRA","Analysis1","PETN",1
"LinX2",0.990689523318004,0.0569148906018018,0.0483575722721195,-68.3806163323324,8,"ASTRA","Analysis1","PETN",1
"QuadOLS",0.989108332958641,0.15152809061191,0.0486645498451471,-15.8177274378278,8,"ASTRA","Analysis1","PETN",1
"QuadX1",0.998110243831344,0.0588645637884243,0.112814789491793,-67.2974645619865,8,"ASTRA","Analysis1","RDX",1
"QuadX2",0.997734569633817,0.0602822595524675,0.114917434784035,-66.5098558041847,8,"ASTRA","Analysis1","RDX",1
"LinX1",0.996136727801771,0.0618140571245717,0.117244368527658,-65.6588571530157,8,"ASTRA","Analysis1","RDX",1
"LinX2",0.996989396131827,0.0595675973727441,0.113268866534143,-66.9068903484755,8,"ASTRA","Analysis1","RDX",1
"QuadOLS",0.997610236167798,0.0248922202336263,0.0566736566017237,-86.1709887590965,8,"ASTRA","Analysis1","RDX",1
"QuadX1",0.997889676972786,0.0179632118380396,0.0508076356102731,-90.0204378677558,8,"ASTRA","Analysis2","PETN",1
"QuadX2",0.997623070972326,0.0176186204768136,0.0498329840572284,-90.2118775128813,8,"ASTRA","Analysis2","PETN",1
"LinX1",0.995970489740927,0.0465738651427798,0.0489910604789788,-74.1256304762334,8,"ASTRA","Analysis2","PETN",1
"LinX2",0.994675832187763,0.0230012899934464,0.050377985178591,-87.2215055591964,8,"ASTRA","Analysis2","PETN",1
"QuadOLS",0.996510308294437,0.0751746126515148,0.0532777394466291,-58.236326304714,8,"ASTRA","Analysis2","PETN",1
"QuadX1",0.999388272004881,0.186251430272991,0.00757765862639376,3.47301681832814,8,"ASTRA","Analysis2","RDX",1
"QuadX2",0.999038325156445,0.190871458345884,0.00732784828388032,6.03969908104677,8,"ASTRA","Analysis2","RDX",1
"LinX1",0.999342926287105,0.188980302104008,0.0074300226818093,4.98905672444896,8,"ASTRA","Analysis2","RDX",1
"LinX2",0.999010594509582,0.190871673147816,0.00740966378430571,6.03981841545321,8,"ASTRA","Analysis2","RDX",1
"QuadOLS",0.999291630484752,0.12785787590036,0.00796987000225889,-28.967846722022,8,"ASTRA","Analysis2","RDX",1
"QuadX1",0.97862430250495,0.0619051468461592,0.10722285958756,-65.6082517521338,3,"ASTRA","Analysis3","PETN",1
"QuadX2",0.979776946457884,0.0691314514469252,0.119739186307055,-61.5936380850416,3,"ASTRA","Analysis3","PETN",1
"LinX1",0.960204900848809,0.115402264757299,0.109679558412217,-35.8876306903896,3,"ASTRA","Analysis3","PETN",1
"LinX2",0.966575794423415,0.0689765793411496,0.11634582711704,-61.6796781438058,3,"ASTRA","Analysis3","PETN",1
"QuadOLS",0.960596316342299,0,0,-100,3,"ASTRA","Analysis3","PETN",1
"QuadX1",0.999518603162262,0.245707754467396,0.043336242983966,36.5043080374425,3,"ASTRA","Analysis3","RDX",1
"QuadX2",0.999222035074286,0.248008216337154,0.0421275698243003,37.7823424095298,3,"ASTRA","Analysis3","RDX",1
"LinX1",0.999507964063805,0.246474942841073,0.0429329493511635,36.9305238005962,3,"ASTRA","Analysis3","RDX",1
"LinX2",0.999168601549438,0.248881517206713,0.0427696639301461,38.2675095592849,3,"ASTRA","Analysis3","RDX",1
"QuadOLS",0.999457191960885,0.200991223818062,0.045115537490759,11.6617910100345,3,"ASTRA","Analysis3","RDX",1
"QuadX1",0.999538082266764,0.0579392103626917,0.100353656098603,-67.8115497985046,3,"ASTRA","Analysis4","PETN",1
"QuadX2",0.99950882104902,0.0563947433899547,0.0976785608312107,-68.6695870055807,3,"ASTRA","Analysis4","PETN",1
"LinX1",0.995677215838702,0.0971987143907784,0.0902111180701857,-46.0007142273454,3,"ASTRA","Analysis4","PETN",1
"LinX2",0.993070231663144,0.0644492412659342,0.0939888802242598,-64.1948659633699,3,"ASTRA","Analysis4","PETN",1
"QuadOLS",0.999341820691028,0.119120144993152,0.104042818011846,-33.8221416704711,3,"ASTRA","Analysis4","PETN",1
"QuadX1",0.999813214612812,0.18236632199247,0.00849410190645551,1.31462332914991,3,"ASTRA","Analysis4","RDX",1
"QuadX2",0.999798464188586,0.179703343580418,0.00865178172219598,-0.164809121989854,3,"ASTRA","Analysis4","RDX",1
"LinX1",0.999599971290978,0.188447510029749,0.00813498335570035,4.69306112763805,3,"ASTRA","Analysis4","RDX",1
"LinX2",0.999277466600491,0.180244151701726,0.0082315885862128,0.13563983429215,3,"ASTRA","Analysis4","RDX",1
"QuadOLS",0.999734461545758,0.220286406503837,0.00821356493417895,22.3813369465761,3,"ASTRA","Analysis4","RDX",1
"QuadX1",0.997546050663345,0.0374741902515991,0.0800963218333808,-79.1810054157783,5,"ASTRA","Oustanding samples 5","PETN",1
"QuadX2",0.997984893862906,0.0343254811649406,0.0767541092451958,-80.9302882416997,5,"ASTRA","Oustanding samples 5","PETN",1
"LinX1",0.995213038795044,0.0747725380272559,0.0708884922914291,-58.4597010959689,5,"ASTRA","Oustanding samples 5","PETN",1
"LinX2",0.992436094720987,0.0434882726883781,0.0736452152893039,-75.8398485064566,5,"ASTRA","Oustanding samples 5","PETN",1
"QuadOLS",0.995074801407052,0.190516220176209,0.0724687907504337,5.8423445423382,5,"ASTRA","Oustanding samples 5","PETN",1
"QuadX1",0.999642843676559,0.191859128346765,0.0185245635268137,6.58840463709174,5,"ASTRA","Oustanding samples 5","RDX",1
"QuadX2",0.999372572495351,0.194527842706245,0.0181588865621052,8.07102372569186,5,"ASTRA","Oustanding samples 5","RDX",1
"LinX1",0.999641554389141,0.192300900566448,0.0184639969515467,6.83383364802654,5,"ASTRA","Oustanding samples 5","RDX",1
"LinX2",0.999332014223976,0.194576900896197,0.0184028211453885,8.0982782756652,5,"ASTRA","Oustanding samples 5","RDX",1
"QuadOLS",0.999622824022598,0.169829630186792,0.0188814927692647,-5.65020545178197,5,"ASTRA","Oustanding samples 5","RDX",1
"QuadX1",0.99948901349763,0.0345529805229256,0.0691059610458513,-80.8038997094858,4,"ASTRA","Analysis1","PETN",1
"QuadX2",0.999516655163152,0.0339976414528831,0.0679952829057661,-81.112421415065,4,"ASTRA","Analysis1","PETN",1
"LinX1",0.993567225571027,0.0450731255022139,0.0901462510044278,-74.9593747209923,4,"ASTRA","Analysis1","PETN",1
"LinX2",0.991108338640003,0.0367026951222977,0.0734053902445955,-79.6096138209457,4,"ASTRA","Analysis1","PETN",1
"QuadOLS",0.998878168110068,0.0341036873638813,0.0682073747277626,-81.053507020066,4,"ASTRA","Analysis1","PETN",1
"QuadX1",0.999760678982234,0.206398945401244,0.0330914772628551,14.666080778469,4,"ASTRA","Analysis1","RDX",1
"QuadX2",0.999568653771653,0.208333924673757,0.0325624782837561,15.7410692631982,4,"ASTRA","Analysis1","RDX",1
"LinX1",0.998632766710059,0.218071815117298,0.0299075096326807,21.1510083984987,4,"ASTRA","Analysis1","RDX",1
"LinX2",0.998565394814406,0.207172493080542,0.0304005332021475,15.0958294891902,4,"ASTRA","Analysis1","RDX",1
"QuadOLS",0.999746776299117,0.192419563306116,0.0335131001451635,6.89975739228692,4,"ASTRA","Analysis1","RDX",1
"QuadX1",0.999436240365847,0.115478440400687,0.0501024283820646,-35.8453108885073,3,"ASTRA","Analysis3","PETN",1
"QuadX2",0.999219218999484,0.117839559448942,0.0495290499689055,-34.5335780839212,3,"ASTRA","Analysis3","PETN",1
"LinX1",0.996299190866836,0.149861259518894,0.0418298100749661,-16.7437447117257,3,"ASTRA","Analysis3","PETN",1
"LinX2",0.995676840927206,0.127235112052962,0.0431274174597447,-29.3138266372432,3,"ASTRA","Analysis3","PETN",1
"QuadOLS",0.999151931287676,0.112206493013377,0.050247642306874,-37.6630594370129,3,"ASTRA","Analysis3","PETN",1
"QuadX1",0.998044825269863,0.182405420574839,0.00477112603754528,1.33634476379963,3,"ASTRA","Analysis3","RDX",1
"QuadX2",0.996842122637641,0.192481922623082,0.004436859961644,6.93440145726794,3,"ASTRA","Analysis3","RDX",1
"LinX1",0.99776497818246,0.189376131314522,0.00453966893289759,5.20896184140103,3,"ASTRA","Analysis3","RDX",1
"LinX2",0.996765966151813,0.192512228499683,0.00451903176048131,6.95123805537926,3,"ASTRA","Analysis3","RDX",1
"QuadOLS",0.998344447808755,0.0366918397309518,0.00540744681533601,-79.6156445939157,3,"ASTRA","Analysis3","RDX",1
"QuadX1",0.999754991731951,0.0637129790293644,0.0482755566901236,-64.603900539242,5,"ASTRA","Analysis4","PETN",1
"QuadX2",0.999729789759682,0.062664028247265,0.0484749095075316,-65.1866509737417,5,"ASTRA","Analysis4","PETN",1
"LinX1",0.995838784403353,0.104172110067738,0.040667436244958,-42.1266055179235,5,"ASTRA","Analysis4","PETN",1
"LinX2",0.995264551429153,0.078850377915473,0.0422670780373663,-56.1942344914039,5,"ASTRA","Analysis4","PETN",1
"QuadOLS",0.999661172998423,0.0857616175588089,0.0473705245934221,-52.3546569117728,5,"ASTRA","Analysis4","PETN",1
"QuadX1",0.997956567109884,0.195450835759348,0.0127591670983378,8.58379764408245,5,"ASTRA","Analysis4","RDX",1
"QuadX2",0.997522193520172,0.203019641352535,0.0120156497984441,12.7886896402971,5,"ASTRA","Analysis4","RDX",1
"LinX1",0.997034173797982,0.205086843152764,0.0118132021634561,13.9371350848688,5,"ASTRA","Analysis4","RDX",1
"LinX2",0.99747335190294,0.202856171863602,0.0118617460893981,12.6978732575564,5,"ASTRA","Analysis4","RDX",1
"QuadOLS",0.997993167511444,0.0654987882964211,0.0143063506683715,-63.6117842797661,5,"ASTRA","Analysis4","RDX",1
"QuadX1",0.999370637142649,0.0723978456427392,0.0672203409116895,-59.7789746429227,3,"ASTRA","Analysis5","PETN",1
"QuadX2",0.999165039660707,0.0834328500066561,0.0642198132012267,-53.6484166629688,3,"ASTRA","Analysis5","PETN",1
"LinX1",0.996778285121795,0.11020755524735,0.0570143128589136,-38.7735804181387,3,"ASTRA","Analysis5","PETN",1
"LinX2",0.997382371981474,0.0932985418192094,0.0582679083140761,-48.1674767671059,3,"ASTRA","Analysis5","PETN",1
"QuadOLS",0.999332483894203,0.0172807810614039,0.0299311907928256,-90.3995660769978,3,"ASTRA","Analysis5","PETN",1
"QuadX1",0.998416004995072,0.190596875851356,0.0125479658300587,5.88715325075339,3,"ASTRA","Analysis5","RDX",1
"QuadX2",0.997907366660977,0.198799516325188,0.011789940094834,10.4441757362154,3,"ASTRA","Analysis5","RDX",1
"LinX1",0.998117220562531,0.197388984536472,0.011920006843823,9.66054696470657,3,"ASTRA","Analysis5","RDX",1
"LinX2",0.997889968717899,0.198869682171971,0.0118941215384794,10.4831567622061,3,"ASTRA","Analysis5","RDX",1
"QuadOLS",0.998296903178829,0.0570136599624079,0.0140878148279668,-68.3257444653289,3,"ASTRA","Analysis5","RDX",1
"QuadX1",0.999675804579742,0.106728415835416,0.0493779066404537,-40.7064356469913,3,"ASTRA","Analysis6","PETN",1
"QuadX2",0.999568512610487,0.107322962789043,0.0492409635400273,-40.3761317838649,3,"ASTRA","Analysis6","PETN",1
"LinX1",0.997234281590662,0.13832666592484,0.0421656303851857,-23.1518522639778,3,"ASTRA","Analysis6","PETN",1
"LinX2",0.996576076767434,0.117211530817472,0.0433672996572382,-34.8824828791821,3,"ASTRA","Analysis6","PETN",1
"QuadOLS",0.999485723083552,0.127185150357287,0.0485006972428611,-29.3415831348406,3,"ASTRA","Analysis6","PETN",1
"QuadX1",0.998042966048677,0.172242940351117,0.00554964419190958,-4.30947758271297,3,"ASTRA","Analysis6","RDX",1
"QuadX2",0.997463686447032,0.18245601647884,0.00518059306574118,1.36445359935543,3,"ASTRA","Analysis6","RDX",1
"LinX1",0.997712674295749,0.180352518598623,0.00525641919445085,0.19584366590161,3,"ASTRA","Analysis6","RDX",1
"LinX2",0.99743332988789,0.182357733204643,0.00524133773088342,1.30985178035716,3,"ASTRA","Analysis6","RDX",1
"QuadOLS",0.997850497198476,0.0189312068994411,0.00632597334147362,-89.4826628336438,3,"ASTRA","Analysis6","RDX",1
"QuadX1",0.999743175716672,0.029885804399258,0.0668266901990031,-83.3967753337456,5,"ASTRA","Analysis7","PETN",1
"QuadX2",0.999730655214733,0.0304097196663348,0.0671667744803594,-83.1057112964807,5,"ASTRA","Analysis7","PETN",1
"LinX1",0.998065118799146,0.0597338048408958,0.0620278979033726,-66.814552866169,5,"ASTRA","Analysis7","PETN",1
"LinX2",0.997823973645045,0.0411029145796003,0.0634380577486521,-77.1650474557776,5,"ASTRA","Analysis7","PETN",1
"QuadOLS",0.99948391178354,0.0277324971069623,0.0620117487169839,-84.5930571627987,5,"ASTRA","Analysis7","PETN",1
"QuadX1",0.998004818357344,0.0547694725884772,0.0759880889195743,-69.5725152286238,5,"ASTRA","Analysis7","RDX",1
"QuadX2",0.997634261055013,0.0593743676852288,0.0821083133667499,-67.0142401748729,5,"ASTRA","Analysis7","RDX",1
"LinX1",0.995840430839025,0.0650069222095383,0.0896389046505467,-63.8850432169232,5,"ASTRA","Analysis7","RDX",1
"LinX2",0.996714190924687,0.060476845517056,0.0835035402169855,-66.4017524905244,5,"ASTRA","Analysis7","RDX",1
"QuadOLS",0.997329378062929,0.00323770984509607,0.00723973930505514,-98.2012723082799,5,"ASTRA","Analysis7","RDX",1
