"Study","Dataset","CalibrationSet","Analyte","RespCol","N_points","R2","Dilution","x_lowest_ng","sigma_resid","local_slope","ICH_LOD_ng","ICH_LOQ_ng","Empirical_Quantifiable_Min_ng"
"FINEX","20260813",1,"PETN","petn_pa",6,0.99482721743012,0.9,0.18,4814.64137488861,23608.8196281747,0.672982249318867,2.03934014945111,0.0674687240716168
"FINEX","20260813",1,"RDX","rdx_ratio",6,0.998170264185337,0.9,0.18,0.0115816810502871,0.0872960930673802,0.437815097136679,1.32671241556569,0.186004368380549
"FINEX","ABS-S-1",1,"PETN","petn_pa",6,0.996292545595467,0.9,0.18,9215.21860282332,24765.1689921297,1.2279432213437,3.72104006467789,0.107622719131734
"FINEX","ABS-S-1",1,"RDX","rdx_ratio",6,0.999754333751581,0.9,0.18,0.00454505799724386,0.103909263021559,0.144344122504197,0.4374064318309,0.00256418635990545
"FINEX","ABS-S-2",1,"PETN","petn_pa",6,0.994903645478936,0.9,0.18,11083.9693604049,25680.6763535386,1.42430434408305,4.31607376994865,0.140369344237524
"FINEX","ABS-S-2",1,"RDX","rdx_ratio",6,0.999828818176066,0.9,0.18,0.00375274852205171,0.104679033531918,0.118305162981798,0.358500493884236,0.0013113697176267
"FINEX","G and T 1",1,"PETN","petn_pa",6,0.997873305036217,0.9,0.18,3461.93453494403,24639.1839826104,0.463667302187373,1.40505243087083,0.0194115590158308
"FINEX","G and T 1",1,"RDX","rdx_ratio",6,0.999664840897201,0.9,0.18,0.00510478212576345,0.0986655943325929,0.170736122647108,0.517382189839721,0.0311751534165498
"FINEX","Lab10-1",1,"PETN","petn_pa",6,0.999976251637614,0.9,0.18,588.63477916939,23829.9649176663,0.0815147977754227,0.247014538713402,0.156692832486436
"FINEX","Lab10-1",1,"RDX","rdx_ratio",6,0.999872074699119,0.9,0.18,0.00327172619768642,0.104758143660268,0.103063075338362,0.312312349510188,0.044922708303303
"FINEX","Lab17-1",1,"PETN","petn_pa",6,0.999830011297451,0.9,0.18,1975.55024559033,34555.9008007847,0.188659987422468,0.571696931583238,0.112854958903443
"FINEX","Lab17-1",1,"RDX","rdx_ratio",6,0.999823237184881,0.9,0.18,0.00383653112014004,0.104378883798593,0.12129419510647,0.367558166989303,0.0389689195854205
"FINEX","Lab29",1,"PETN","petn_pa",6,0.999193505845416,0.9,0.18,1752.58942583081,18383.9345301167,0.314597786222913,0.953326624917919,0.0151305476855832
"FINEX","Lab29",1,"RDX","rdx_ratio",6,0.999746472266578,0.9,0.18,0.00439109765092196,0.09147952113027,0.158402908858774,0.480008814723558,0.0245089847909318
"FINEX","Lab33",1,"PETN","petn_pa",6,0.999404033527881,0.9,0.18,1480.20803166359,17446.9790086865,0.279973197770105,0.848403629606378,0.0178966224805348
"FINEX","Lab33",1,"RDX","rdx_ratio",6,0.99969631486967,0.9,0.18,0.00486951223619993,0.0927349241012992,0.173283048810245,0.525100147909833,0.189566867694531
"FINEX","Lab9",1,"PETN","petn_pa",6,0.999756712060357,0.9,0.18,1002.64540596545,18943.6005607131,0.174662141396073,0.529279216351736,0.200055711244215
"FINEX","Lab9",1,"RDX","rdx_ratio",6,0.999076980309923,0.9,0.18,0.00888993228371338,0.105329739660298,0.278523203711212,0.844009708215793,0.00764874906890421
"FINEX","Outstanding samples 2",1,"PETN","petn_pa",6,0.999133771868108,0.9,0.18,1681.7551128163,17899.289994307,0.310056537106161,0.939565263958064,0.0841645248069747
"FINEX","Outstanding samples 2",1,"RDX","rdx_ratio",6,0.990997830934099,0.9,0.18,0.0260768322634262,0.0924497809445507,0.930813957481623,2.82064835600492,0.00136253154160591
"FINEX","Outstanding samples 3",1,"PETN","petn_pa",6,0.999297246353537,0.9,0.18,1719.92863405004,20562.1666893248,0.276029495243406,0.83645301588911,0.0240535598664539
"FINEX","Outstanding samples 3",1,"RDX","rdx_ratio",6,0.990955047561495,0.9,0.18,0.0262590643708067,0.0914276543791669,0.947797611259812,2.87211397351458,0.000545221011437637
"FINEX","Outstanding samples 4",1,"PETN","petn_pa",6,0.995393947676408,0.9,0.18,5450.24605057133,36136.3435120144,0.497720859912282,1.50824503003722,0.0777937107136709
"FINEX","Outstanding samples 4",1,"RDX","rdx_ratio",6,0.991247964277642,0.9,0.18,0.0258739336763408,0.0925016902252817,0.92305319961157,2.79713090791385,0.0961807223782756
"FINEX","Outstanding samples 5",1,"PETN","petn_pa",6,0.997546050663345,0.9,0.18,5082.49843291265,32562.886251365,0.51507242629356,1.56082553422291,0.0431995804388155
"FINEX","Outstanding samples 5",1,"RDX","rdx_ratio",6,0.999642843676559,0.9,0.18,0.00531526046021906,0.103723923525997,0.169106209276075,0.51244305841235,0.0264361583906132
"FINEX","Outstanding samples",1,"PETN","petn_pa",6,0.997307231256872,0.9,0.18,3694.63151768303,24037.9631286354,0.50720953115324,1.53699857925224,0.0862386733545584
"FINEX","Outstanding samples",1,"RDX","rdx_ratio",6,0.99823551244176,0.9,0.18,0.0114324204304732,0.0878214154575234,0.429587558160105,1.30178047927304,0.124364103496086
"FINEX","Steel-1",1,"PETN","petn_pa",6,0.999901274889904,0.9,0.18,413.449704875462,11423.772627694,0.119433751927225,0.36192046038553,0.00578826225789936
"FINEX","Steel-1",1,"RDX","rdx_ratio",6,0.99971546753717,0.9,0.18,0.00464491875513561,0.0923595568992211,0.165962596687997,0.502916959660596,0.20455412980212
"FINEX","Steel 2",1,"PETN","petn_pa",6,0.999539499307908,0.9,0.18,1155.71617664012,17360.0739174425,0.219691655752711,0.66573229015973,0.130097019111011
"FINEX","Steel 2",1,"RDX","rdx_ratio",6,0.998335591212386,0.9,0.18,0.0115336366499614,0.0988224935397855,0.385145118095501,1.16710641847121,0.188747324578889
"FINEX","Steel 3",1,"PETN","petn_pa",6,0.999800135820157,0.9,0.18,817.303820117965,18109.5298041073,0.148932779346793,0.451311452566039,0.108034782564675
"FINEX","Steel 3",1,"RDX","rdx_ratio",6,0.997953846078001,0.9,0.18,0.012494962717139,0.0956473754823668,0.431097839941885,1.30635709073299,0.0317402674492674
"FINEX","Steel 4",1,"PETN","petn_pa",6,0.999655724034943,0.9,0.18,1011.32877134982,17055.4299424026,0.195678734381074,0.592965861760829,0.191652831550824
"FINEX","Steel 4",1,"RDX","rdx_ratio",6,0.998271363472986,0.9,0.18,0.0111819547796376,0.0859537292856086,0.429305989158313,1.30092723987368,0.0366930242407227
"FINEX","Steel 5",1,"PETN","petn_pa",6,0.995399661479544,0.9,0.18,4726.59040844178,22932.3805017142,0.680162634955928,2.06109889380584,0.0744593472036944
"FINEX","Steel 5",1,"RDX","rdx_ratio",6,0.998138928599749,0.9,0.18,0.0116838076898733,0.0874779791192178,0.440757385627711,1.3356284412961,0.00418095198894379
"ASTRA","Analysis1 (Main)",1,"PETN","petn_pa",6,0.994100322275798,0.9,0.18,5044.9890747962,21511.9142487062,0.773918292642355,2.34520694740108,0.0793284554117749
"ASTRA","Analysis1 (Main)",1,"RDX","rdx_ratio",6,0.998110243831344,0.9,0.18,0.0116549400166916,0.0862523067321182,0.445916213864693,1.35126125413543,0.201121573097954
"ASTRA","Analysis2 (Main)",1,"PETN","petn_pa",6,0.997889676972786,0.9,0.18,3572.37010196433,25066.5605860384,0.47030071381426,1.42515367822503,0.0230293782979374
"ASTRA","Analysis2 (Main)",1,"RDX","rdx_ratio",6,0.999388272004881,0.9,0.18,0.00710114527099911,0.104144516231256,0.22501212970505,0.68185493850015,0.0497341966537158
"ASTRA","Analysis3 (Main)",1,"PETN","petn_pa",6,0.97862430250495,0.9,0.18,21596.8087418944,32062.907489181,2.22280118770576,6.73576117486594,0.206350489487197
"ASTRA","Analysis3 (Main)",1,"RDX","rdx_ratio",6,0.999518603162262,0.9,0.18,0.00624269108230044,0.104275001354989,0.19756298541257,0.598675713371424,0.0310984788255955
"ASTRA","Analysis4 (Main)",1,"PETN","petn_pa",6,0.999538082266764,0.9,0.18,1313.35027849907,18492.8212816204,0.234364235345444,0.710194652561951,0.193130701208972
"ASTRA","Analysis4 (Main)",1,"RDX","rdx_ratio",6,0.999813214612812,0.9,0.18,0.00382921547210707,0.0992792018957303,0.127281553605003,0.385701677590919,0.195617585810913
"ASTRA","Oustanding samples 5 (Main)",1,"PETN","petn_pa",6,0.997546050663345,0.9,0.18,5082.49843291265,32562.886251365,0.51507242629356,1.56082553422291,0.0431995804388155
"ASTRA","Oustanding samples 5 (Main)",1,"RDX","rdx_ratio",6,0.999642843676559,0.9,0.18,0.00531526046021906,0.103723923525997,0.169106209276075,0.51244305841235,0.0264361583906132
"ASTRA","Analysis1 (Pilot)",1,"PETN","petn_pa",6,0.99948901349763,0.9,0.18,1251.96665920819,15858.7525840029,0.260517966561541,0.789448383519823,0.0810290129790836
"ASTRA","Analysis1 (Pilot)",1,"RDX","rdx_ratio",6,0.999760678982234,0.9,0.18,0.0042860786507481,0.0924816134074319,0.152939152187543,0.463451976325887,0.00887832902234384
"ASTRA","Analysis3 (Pilot)",1,"PETN","petn_pa",6,0.999436240365847,0.9,0.18,1293.29062865943,16847.9168188453,0.253316722801142,0.767626432730733,0.126998810034918
"ASTRA","Analysis3 (Pilot)",1,"RDX","rdx_ratio",6,0.998044825269863,0.9,0.18,0.0124985344303231,0.0994175442059263,0.414868059249521,1.25717593711976,0.00538517231927864
"ASTRA","Analysis4 (Pilot)",1,"PETN","petn_pa",5,0.999754991731951,0.9,0.18,881.426135255692,16690.6482064603,0.174271616678011,0.528095808115186,0.0703071385294865
"ASTRA","Analysis4 (Pilot)",1,"RDX","rdx_ratio",5,0.997956567109884,0.9,0.18,0.0131364475194061,0.0942414330689077,0.459991697943972,1.39391423619385,0.0417379520295989
"ASTRA","Analysis5 (Pilot)",1,"PETN","petn_pa",6,0.999370637142649,0.9,0.18,1445.49064324983,18142.1951177038,0.262929545833712,0.796756199496097,0.0725493503582798
"ASTRA","Analysis5 (Pilot)",1,"RDX","rdx_ratio",6,0.998416004995072,0.9,0.18,0.0110313079219382,0.0973395798292825,0.373982671861143,1.13328082382165,0.0508196046921003
"ASTRA","Analysis6 (Pilot)",1,"PETN","petn_pa",6,0.999675804579742,0.9,0.18,1051.02717512289,18478.6487413607,0.187697148555146,0.568779238045897,0.0961849981278892
"ASTRA","Analysis6 (Pilot)",1,"RDX","rdx_ratio",6,0.998042966048677,0.9,0.18,0.0122248299071178,0.0967631035134917,0.416914476992398,1.26337720300727,0.187150519047659
"ASTRA","Analysis7 (Pilot)",1,"PETN","petn_pa",6,0.999743175716672,0.9,0.18,924.855902147086,18800.8797276278,0.162334131237511,0.491921609810639,0.0171891454875475
"ASTRA","Analysis7 (Pilot)",1,"RDX","rdx_ratio",6,0.998004818357344,0.9,0.18,0.0121357351601532,0.0867788637033139,0.461494012705956,1.39846670516956,0.016478222664312
