"Study","Dataset","CalibrationSet","N_cal_only","N_augmented","Sigma_orig","Sigma_aug","LOQ_orig_ng","LOQ_aug_ng","Improvement_factor"
"FINEX","20260813",1,6,11,0.0115816810502871,0.0245024080570086,1.32671241556569,2.56451989460533,0.517333641418238
"FINEX","ABS-S-1",1,6,11,0.00454505799724386,0.0178122555517716,0.4374064318309,1.81971491105685,0.240370856540855
"FINEX","ABS-S-2",1,6,11,0.00375274852205171,0.0094727115076425,0.358500493884236,0.946300195623597,0.378844362013462
"FINEX","G and T 1",1,6,11,0.00510478212576345,0.00405187103365877,0.517382189839721,0.414676142239247,1.24767773483631
"FINEX","Lab10-1",1,6,11,0.00327172619768642,0.00720611000371841,0.312312349510188,0.700872596529795,0.445605023019203
"FINEX","Lab17-1",1,6,11,0.00383653112014004,0.00882077934269008,0.367558166989303,0.863331159205749,0.425744122715843
"FINEX","Lab29",1,6,11,0.00439109765092196,0.00439344004820594,0.480008814723558,0.483008746834765,0.993789072908377
"FINEX","Lab33",1,6,11,0.00486951223619993,0.00502613060024432,0.525100147909833,0.545172703154773,0.963181290756515
"FINEX","Lab9",1,6,11,0.00888993228371338,0.00607058619371087,0.844009708215793,0.580706209576651,1.45341946460517
"FINEX","Outstanding samples 2",1,6,11,0.0260768322634262,0.0160147294387825,2.82064835600492,1.72677654462482,1.63347618126106
"FINEX","Outstanding samples 3",1,6,11,0.0262590643708067,0.016155975149026,2.87211397351458,1.76164111337441,1.63036270651806
"FINEX","Outstanding samples 4",1,6,10,0.0258739336763408,0.0169705899427829,2.79713090791385,1.82712783525724,1.53088954912673
"FINEX","Outstanding samples 5",1,6,11,0.00531526046021906,0.00466242022885676,0.51244305841235,0.451713741326703,1.13444204045527
"FINEX","Outstanding samples",1,6,11,0.0114324204304732,0.0272205427572588,1.30178047927304,2.95073189657576,0.441172063373064
"FINEX","Steel-1",1,6,11,0.00464491875513561,0.00388454580029899,0.502916959660596,0.423986442231154,1.18616283344836
"FINEX","Steel 2",1,6,11,0.0115336366499614,0.00717379027976593,1.16710641847121,0.726272046477049,1.6069824305266
"FINEX","Steel 3",1,6,11,0.012494962717139,0.00810721334395237,1.30635709073299,0.849375894308601,1.53801997382604
"FINEX","Steel 4",1,6,11,0.0111819547796376,0.0221510221257431,1.30092723987368,2.38614742740347,0.545199858539044
"FINEX","Steel 5",1,6,11,0.0116838076898733,0.024460570423734,1.3356284412961,2.55111449966638,0.523547038547569
"ASTRA","Analysis1",1,6,14,0.0116549400166916,0.0282840734490988,1.35126125413543,3.02443170038369,0.446781871107887
"ASTRA","Analysis2",1,6,14,0.00710114527099911,0.00401842330637815,0.68185493850015,0.386916508468672,1.76227926070867
"ASTRA","Analysis3",1,6,9,0.00624269108230044,0.00950415853925863,0.598675713371424,0.934223066421537,0.640827372914909
"ASTRA","Analysis4",1,6,9,0.00382921547210707,0.00294742841061811,0.385701677590919,0.2971436113273,1.29803119733264
"ASTRA","Oustanding samples 5",1,6,11,0.00531526046021906,0.00466242022885676,0.51244305841235,0.451713741326703,1.13444204045527
"ASTRA","Analysis1",1,6,10,0.0042860786507481,0.00583726509375648,0.463451976325887,0.637855042147532,0.726578839551907
"ASTRA","Analysis3",1,6,9,0.0124985344303231,0.00886360970211163,1.25717593711976,0.892350095717757,1.40883711802435
"ASTRA","Analysis4",1,5,10,0.0131364475194061,0.00743774210530072,1.39391423619385,0.794315261790817,1.75486271414604
"ASTRA","Analysis5",1,6,9,0.0110313079219382,0.00802225218218827,1.13328082382165,0.827403790039772,1.36968290146117
"ASTRA","Analysis6",1,6,9,0.0122248299071178,0.00869788533299128,1.26337720300727,0.896305842087109,1.40953806578501
"ASTRA","Analysis7",1,6,11,0.0121357351601532,0.028681182414848,1.39846670516956,3.02941586553179,0.461629161278613
