"Study","Dataset","Analyte","N_QC_02ng_total","N_QC_02ng_usable","N_QC_02ng_NA","QC_replicate_SD_ng","QuadCurve_LOD_ng","QuadCurve_LOQ_ng","QCReplicate_LOD_ng","QCReplicate_LOQ_ng","Improvement_factor_LOQ"
"FINEX","20260813","PETN",5,5,0,0.056241811841098,0.672982249318867,2.03934014945111,0.185597979075624,0.56241811841098,3.62602142906229
"FINEX","20260813","RDX",5,5,0,0.083183682362164,0.437815097136679,1.32671241556569,0.274506151795141,0.83183682362164,1.59491907293725
"FINEX","ABS-S-1","PETN",5,5,0,0.0888702234315771,1.2279432213437,3.72104006467789,0.293271737324204,0.888702234315771,4.187049296149
"FINEX","ABS-S-1","RDX",5,5,0,0.0869932278938381,0.144344122504197,0.4374064318309,0.287077652049666,0.869932278938381,0.502805152102974
"FINEX","ABS-S-2","PETN",5,5,0,0.0797822135446786,1.42430434408305,4.31607376994865,0.263281304697439,0.797822135446786,5.40981953017839
"FINEX","ABS-S-2","RDX",5,5,0,0.0223284975485414,0.118305162981798,0.358500493884236,0.0736840419101865,0.223284975485414,1.60557374317223
"FINEX","G and T 1","PETN",5,4,1,0.0660714669452798,0.463667302187373,1.40505243087083,0.218035840919423,0.660714669452799,2.12656460622327
"FINEX","G and T 1","RDX",5,5,0,0.0126568298117221,0.170736122647108,0.517382189839721,0.0417675383786828,0.126568298117221,4.08777077306159
"FINEX","Lab10-1","PETN",5,4,1,0.0381084858005145,0.0815147977754227,0.247014538713402,0.125758003141698,0.381084858005145,0.648187755363577
"FINEX","Lab10-1","RDX",5,5,0,0.037598202674021,0.103063075338362,0.312312349510188,0.124074068824269,0.37598202674021,0.830657657276751
"FINEX","Lab17-1","PETN",5,5,0,0.0381817391122713,0.188659987422468,0.571696931583238,0.125999739070495,0.381817391122713,1.49730458820169
"FINEX","Lab17-1","RDX",5,5,0,0.0475639224349187,0.12129419510647,0.367558166989303,0.156960944035232,0.475639224349187,0.772766727748809
"FINEX","Lab29","PETN",5,5,0,0.0783134425781203,0.314597786222913,0.953326624917919,0.258434360507797,0.783134425781203,1.21732182053795
"FINEX","Lab29","RDX",5,5,0,0.0243075044432289,0.158402908858774,0.480008814723558,0.0802147646626553,0.243075044432289,1.97473506934715
"FINEX","Lab33","PETN",5,5,0,0.0875661195676649,0.279973197770105,0.848403629606378,0.288968194573294,0.875661195676649,0.968872017847944
"FINEX","Lab33","RDX",5,5,0,0.0281497037940699,0.173283048810245,0.525100147909833,0.0928940225204308,0.281497037940699,1.86538427456012
"FINEX","Lab9","PETN",5,3,2,NA,0.174662141396073,0.529279216351736,NA,NA,NA
"FINEX","Lab9","RDX",5,5,0,0.0142298170910928,0.278523203711212,0.844009708215793,0.0469583964006062,0.142298170910928,5.93127587524722
"FINEX","Outstanding samples 2","PETN",5,5,0,0.0544881579152126,0.310056537106161,0.939565263958064,0.179810921120202,0.544881579152126,1.72434763792179
"FINEX","Outstanding samples 2","RDX",5,5,0,0.00781533102037231,0.930813957481623,2.82064835600492,0.0257905923672286,0.0781533102037232,36.0912205593378
"FINEX","Outstanding samples 3","PETN",5,5,0,0.0636387939777444,0.276029495243406,0.83645301588911,0.210008020126556,0.636387939777444,1.31437597038943
"FINEX","Outstanding samples 3","RDX",5,5,0,0.0107302996274496,0.947797611259812,2.87211397351458,0.0354099887705838,0.107302996274496,26.7663911841502
"FINEX","Outstanding samples 4","PETN",4,4,0,0.0711522700806855,0.497720859912282,1.50824503003722,0.234802491266262,0.711522700806855,2.11974267065112
"FINEX","Outstanding samples 4","RDX",4,4,0,0.00549623448985721,0.92305319961157,2.79713090791385,0.0181375738165288,0.0549623448985721,50.8917680473003
"FINEX","Outstanding samples 5","PETN",5,5,0,0.0758061651448155,0.51507242629356,1.56082553422291,0.250160344977891,0.758061651448155,2.05896912373974
"FINEX","Outstanding samples 5","RDX",5,5,0,0.0205828483631073,0.169106209276075,0.51244305841235,0.0679233995982541,0.205828483631073,2.48966056287357
"FINEX","Outstanding samples","PETN",5,5,0,0.0502814773260289,0.50720953115324,1.53699857925224,0.165928875175895,0.502814773260289,3.05678882361834
"FINEX","Outstanding samples","RDX",5,5,0,0.112061500563162,0.429587558160105,1.30178047927304,0.369802951858433,1.12061500563162,1.1616661143488
"FINEX","Steel-1","PETN",5,5,0,0.0565808926229422,0.119433751927225,0.36192046038553,0.186716945655709,0.565808926229422,0.639651379834859
"FINEX","Steel-1","RDX",5,5,0,0.0163095463886089,0.165962596687997,0.502916959660596,0.0538215030824094,0.163095463886089,3.08357416986072
"FINEX","Steel 2","PETN",5,4,1,0.0460130384366249,0.219691655752711,0.66573229015973,0.151843026840862,0.460130384366249,1.44683401222604
"FINEX","Steel 2","RDX",5,5,0,0.00845662503687559,0.385145118095501,1.16710641847121,0.0279068626216895,0.0845662503687559,13.8010898364534
"FINEX","Steel 3","PETN",5,4,1,0.046472233732794,0.148932779346793,0.451311452566039,0.15335837131822,0.46472233732794,0.971142155896765
"FINEX","Steel 3","RDX",5,5,0,0.0184952125119537,0.431097839941885,1.30635709073299,0.0610342012894472,0.184952125119537,7.06321752122974
"FINEX","Steel 4","PETN",5,3,2,NA,0.195678734381074,0.592965861760829,NA,NA,NA
"FINEX","Steel 4","RDX",5,5,0,0.0816297409866679,0.429305989158313,1.30092723987368,0.269378145256004,0.816297409866679,1.59369272050753
"FINEX","Steel 5","PETN",5,5,0,0.0486083963173795,0.680162634955928,2.06109889380584,0.160407707847352,0.486083963173795,4.24021167114479
"FINEX","Steel 5","RDX",5,5,0,0.0771407557580423,0.440757385627711,1.3356284412961,0.25456449400154,0.771407557580423,1.73141736578962
"ASTRA","Analysis1","PETN",8,8,0,0.0484968629810779,NA,NA,0.160039647837557,0.484968629810779,NA
"ASTRA","Analysis1","RDX",8,8,0,0.125349766101993,NA,NA,0.413654228136576,1.25349766101993,NA
"ASTRA","Analysis2","PETN",8,8,0,0.0455556116551892,NA,NA,0.150333518462124,0.455556116551892,NA
"ASTRA","Analysis2","RDX",8,8,0,0.00841962069599252,NA,NA,0.0277847482967753,0.0841962069599252,NA
"ASTRA","Analysis3","PETN",8,3,5,NA,NA,NA,NA,NA,NA
"ASTRA","Analysis3","RDX",8,3,5,NA,NA,NA,NA,NA,NA
"ASTRA","Analysis4","PETN",3,3,0,NA,NA,NA,NA,NA,NA
"ASTRA","Analysis4","RDX",3,3,0,NA,NA,NA,NA,NA,NA
"ASTRA","Oustanding samples 5","PETN",5,5,0,0.0758061651448155,NA,NA,0.250160344977891,0.758061651448155,NA
"ASTRA","Oustanding samples 5","RDX",5,5,0,0.0205828483631073,NA,NA,0.0679233995982541,0.205828483631073,NA
"ASTRA","Analysis1","PETN",4,4,0,0.076784401162057,NA,NA,0.253388523834788,0.76784401162057,NA
"ASTRA","Analysis1","RDX",4,4,0,0.0367683080698376,NA,NA,0.121335416630464,0.367683080698376,NA
"ASTRA","Analysis3","PETN",3,3,0,NA,NA,NA,NA,NA,NA
"ASTRA","Analysis3","RDX",3,3,0,NA,NA,NA,NA,NA,NA
"ASTRA","Analysis4","PETN",5,5,0,0.0483314543345665,NA,NA,0.15949379930407,0.483314543345665,NA
"ASTRA","Analysis4","RDX",5,5,0,0.0141768523314861,NA,NA,0.0467836126939042,0.141768523314861,NA
"ASTRA","Analysis5","PETN",3,3,0,NA,NA,NA,NA,NA,NA
"ASTRA","Analysis5","RDX",3,3,0,NA,NA,NA,NA,NA,NA
"ASTRA","Analysis6","PETN",3,3,0,NA,NA,NA,NA,NA,NA
"ASTRA","Analysis6","RDX",3,3,0,NA,NA,NA,NA,NA,NA
"ASTRA","Analysis7","PETN",5,5,0,0.0628107585829037,NA,NA,0.207275503323582,0.628107585829037,NA
"ASTRA","Analysis7","RDX",5,5,0,0.0844312099106384,NA,NA,0.278622992705107,0.844312099106384,NA
