"Dataset","Line","SampleName","Type","CalLevel","petn_pa","petn_qual57_pa","petn_qual76_pa","petn_qual57_ratio","petn_qual76_ratio","rdx_pa","rdx_qual46_pa","rdx_qual75_pa","rdx_qual46_ratio","rdx_qual75_ratio"
"ABS-S-1",4,"0.2ng RDX PETN           ","Cal",0.2,4732.21202885875,NA,392.351689157998,NA,0.0829108431247997,1169.62413206504,13748.7812204428,11894.2759496373,11.7548713672387,10.1693147598086
"ABS-S-1",5,"2ng RDX PETN             ","Cal",2,64333.2949323719,3428.91489050197,5440.49821612203,0.0532992270037854,0.0845673802630685,8999.36644242489,67261.5544636954,28614.499185155,7.47403218815609,3.17961262809127
"ABS-S-1",6,"4ng RDX PETN             ","Cal",4,148143.265762311,6805.50849679799,12923.045475105,0.0459386963138582,0.0872334318310454,18634.890727394,128461.075885702,49610.1656594435,6.89357816822931,2.66221929525536
"ABS-S-1",7,"6ng RDX PETN             ","Cal",6,252306.890218114,10677.8319340531,22389.2885920662,0.0423208098868102,0.0887383161542324,33666.3560527309,218521.498662852,81263.4254713816,6.49079746915842,2.41378738299151
"ABS-S-1",8,"8ng RDX PETN             ","Cal",8,369448.791749089,14781.7224925499,33731.5263070009,0.040010206617725,0.0913023051105541,48537.5726803948,302739.039415142,112612.401119346,6.23721011779033,2.32010780310059
"ABS-S-1",9,"10ng RDX PETN            ","Cal",10,599726.413419497,25745.2085595241,55966.775604797,0.0429282552568113,0.0933205114073396,83070.739273781,490786.980230823,186936.801967834,5.90806082287661,2.25033271163912
"ABS-S-2",4,"0.2ng RDX PETN           ","Cal",0.2,4842.60735007933,NA,409.027974207993,NA,0.0844644103142685,1214.31788054714,14512.9301648262,11745.7000913308,11.9515082478132,9.67267325919511
"ABS-S-2",5,"2ng RDX PETN             ","Cal",2,66934.6357698233,NA,5719.844042507,NA,0.0854541744602385,8912.8688843106,67654.6009347063,28151.5215258203,7.5906648928494,3.1585252617567
"ABS-S-2",6,"4ng RDX PETN             ","Cal",4,154220.548389599,6252.62195460543,13605.5464612962,0.0405433777787495,0.0882213596266384,18351.460680294,130692.896966772,49507.1187215677,7.12166182537783,2.6977208835877
"ABS-S-2",7,"6ng RDX PETN             ","Cal",6,258522.249091163,10701.7025888498,23320.5057089308,0.0413956733955074,0.0902069581667118,33023.047126737,219299.738639635,80317.214495545,6.64080869939103,2.43215637210282
"ABS-S-2",8,"8ng RDX PETN             ","Cal",8,372730.383776659,15274.0776061639,34251.4192977658,0.0409788905626652,0.0918932847671719,45704.9350543911,295101.231560938,106953.503502414,6.45666012236432,2.34008654372081
"ABS-S-2",9,"10ng RDX PETN            ","Cal",10,618670.213956269,27636.633752917,58297.0996653278,0.0446710268725989,0.0942296854612247,80287.694617569,483842.233772755,181119.614150348,6.02635604468929,2.25588261081686
"Lab10-1",4,"0.2ng RDX PETN           ","Cal",0.2,3199.07597298987,NA,301.811147495002,NA,0.0943432259950138,945.744205959586,11501.9400199377,10077.3499690899,12.1617874552744,10.6554710095898
"Lab10-1",5,"2ng RDX PETN             ","Cal",2,49782.7225647775,2454.666064248,4429.430073955,0.0493075898180132,0.0889752477516955,7476.88327694158,54052.0975366629,23959.9952006384,7.22922848125201,3.20454316500167
"Lab10-1",6,"4ng RDX PETN             ","Cal",4,119138.199423027,5116.42229339598,10736.496943224,0.0429452712746562,0.0901180057716136,16421.3769627645,108758.065491204,43861.1853586626,6.62295651197906,2.6709809693863
"Lab10-1",7,"6ng RDX PETN             ","Cal",6,211099.099674132,8502.10904526094,19266.6017208328,0.0402754396318384,0.0912680430687489,29481.7691578977,187362.662763293,72616.3075131606,6.35520418601139,2.46309192383415
"Lab10-1",8,"8ng RDX PETN             ","Cal",8,321945.413550193,12232.899114542,29547.420495171,0.0379968112595424,0.0917777339001116,44313.2331007891,267383.270771044,103707.073652607,6.0339373153588,2.34031837434945
"Lab10-1",9,"10ng RDX PETN            ","Cal",10,448411.909249093,17036.605518879,41693.759538914,0.0379932048357243,0.0929809371225979,60581.243040814,352492.612526652,135951.680779526,5.81851072763851,2.24412167785885
"Lab17-1",4,"0.2ng RDX PETN           ","Cal",0.2,4655.20265725167,NA,432.658484399998,NA,0.0929408483916423,1308.17323712971,14542.6052310098,13524.7932055348,11.1167273708473,10.3386866675318
"Lab17-1",5,"2ng RDX PETN             ","Cal",2,68433.8787995709,3341.26188298799,6111.57654112999,0.0488246748773933,0.089306300451412,10384.7561950795,73411.1952782942,33132.456690231,7.06913035792577,3.19048960493938
"Lab17-1",6,"4ng RDX PETN             ","Cal",4,159686.459292392,6811.13958058502,14562.3251445759,0.042653206857781,0.0911932371041663,21145.7669682841,137609.471809018,55441.8487346982,6.50766047007963,2.62188875995152
"Lab17-1",7,"6ng RDX PETN             ","Cal",6,275130.426955823,11025.061474575,25512.552116492,0.0400721272327516,0.092728937321747,38464.9669430696,235026.960227363,91671.1003601055,6.11015630340243,2.38323616645204
"Lab17-1",8,"8ng RDX PETN             ","Cal",8,395229.27211751,15256.3186753821,37086.4901819073,0.0386011860752209,0.0938353831516829,52435.5043873814,311161.871452226,119854.182445786,5.93418286116662,2.28574481825007
"Lab17-1",9,"10ng RDX PETN            ","Cal",10,557410.690896163,20877.8335305068,53480.0147667012,0.0374550288889167,0.0959436473683704,76309.4611441913,431417.100844641,167773.364609769,5.6535204727688,2.19859191893324
"Lab29",7,"0.2ng RDX PETN           ","Cal",0.2,6659.1571524168,NA,705.054532054998,NA,0.105877443033329,1738.48413735474,13766.2279416808,11095.4890005824,7.9185237563498,6.38227796398832
"Lab29",8,"2ng RDX PETN             ","Cal",2,35811.8801752436,NA,3864.02056821997,NA,0.107897729728559,7020.17507894186,44788.4903442949,20523.8278858704,6.37996771314795,2.92354929258601
"Lab29",9,"4ng RDX PETN             ","Cal",4,76385.2420896754,1387.65250629001,8215.60687142094,0.0181665000768201,0.107554897342289,15464.1737573403,91201.0623335377,37608.7881474522,5.89757097693291,2.43199466958916
"Lab29",10,"6ng RDX PETN             ","Cal",6,125956.741644024,3160.31132353765,13621.033306575,0.0250904499615372,0.108140565790995,25591.9511282036,143617.007433007,56494.3390796773,5.61180375476467,2.20750417960191
"Lab29",11,"8ng RDX PETN             ","Cal",8,167240.679336415,4564.46853666786,18195.0466116648,0.0272928126983157,0.108795579423977,33369.3442779753,181223.98284334,69918.8686307519,5.43085238156606,2.09530244431265
"Lab29",12,"10ng RDX PETN            ","Cal",10,217799.147908145,7675.00200624247,23875.8932320668,0.0352388982232352,0.109623446470673,44042.1322269355,231530.609722829,88236.5868813181,5.25702544395043,2.00345856160329
"Lab33",6,"0.2ng RDX PETN           ","Cal",0.2,6130.07633692564,NA,647.460078621996,NA,0.105620230978512,1421.13329947998,11667.2594825166,9417.04092421415,8.20982766837275,6.62643041835697
"Lab33",7,"2ng RDX PETN             ","Cal",2,34671.7721666881,NA,3661.21816402995,NA,0.105596510799283,6381.61003571249,42450.2209220118,19461.4679128929,6.65196097606305,3.04961722887852
"Lab33",8,"4ng RDX PETN             ","Cal",4,72880.7385266225,1005.13178094299,7816.77419783899,0.0137914598735279,0.10725432200421,13775.3555534892,83304.8374628314,34543.5166855835,6.0473820177898,2.50763158536651
"Lab33",9,"6ng RDX PETN             ","Cal",6,121640.297657284,2867.73192070935,13066.2234129259,0.023575508905684,0.107416897726931,24597.2016792753,140786.825790129,55821.2145292713,5.72369278529561,2.26941321444318
"Lab33",10,"8ng RDX PETN             ","Cal",8,165767.192923772,4372.74817962745,18143.940424192,0.0263788515839697,0.1094543504307,33348.8858471494,184840.829848837,71069.8726051096,5.54263883645267,2.13110185842039
"Lab33",11,"10ng RDX PETN            ","Cal",10,214561.678002557,7085.79316027623,23601.7664667991,0.0330245047775577,0.109999915579136,46789.8613046609,247777.898452552,95250.3810616313,5.29554676042329,2.03570556538801
"Lab9",8,"0.2ng RDX PETN           ","Cal",0.2,2619.23973278676,NA,303.368704059,NA,0.11582319108157,766.202620374498,8334.75185440298,7683.29760369553,10.8779996736753,10.0277621080703
"Lab9",9,"2ng RDX PETN             ","Cal",2,36049.7905353301,153.152795430005,3683.226813166,0.00424836852463566,0.102170546859525,7163.14612707541,46925.0183306078,20385.8594890889,6.55089502547486,2.84593656578274
"Lab9",10,"4ng RDX PETN             ","Cal",4,73882.3017820088,631.585326296793,7757.27934024792,0.00854853342496418,0.104995095620274,14013.9319785853,87291.8682518934,33716.7134165025,6.22893477614164,2.40594241987367
"Lab9",11,"6ng RDX PETN             ","Cal",6,123327.8341095,2549.96630260435,13278.104055689,0.0206763243757309,0.107665103758327,25302.3957935465,147415.99352747,55163.4002811134,5.82616740052217,2.18016510101321
"Lab9",12,"8ng RDX PETN             ","Cal",8,168918.042950172,4036.55004190872,18250.8634898772,0.0238965001690165,0.108045672156295,34816.352132194,196952.556285856,71419.0421077529,5.65689810173243,2.05130743842957
"Lab9",13,"10ng RDX PETN            ","Cal",10,226232.982228158,6155.867569554,24478.2934857862,0.0272103011193379,0.108199490828882,47996.8485296101,259705.403506714,93908.9261025553,5.41088449477047,1.95656441994564
"Steel-1",4,"0.2ng RDX PETN           ","Cal",0.2,4387.71662329449,NA,435.677345717991,NA,0.0992947774714916,1714.75577626097,11690.4535147449,9679.8405559288,6.81756182226484,5.64502577564469
"Steel-1",5,"2ng RDX PETN             ","Cal",2,24415.5573287293,NA,2500.322540047,NA,0.102406941049219,6889.67868361119,39164.8848025395,16138.719494716,5.6845734904449,2.34244878982614
"Steel-1",6,"4ng RDX PETN             ","Cal",4,49967.5433457583,NA,5208.2743029519,NA,0.10423314724345,13741.4600468234,73156.817540121,26997.8716353231,5.32380236822306,1.96470182523029
"Steel-1",7,"6ng RDX PETN             ","Cal",6,81124.6542609026,1131.23439328001,8536.39768018706,0.0139443970958801,0.105225689501658,22831.1497581319,115923.178739226,40522.1068844867,5.07741309427209,1.7748605442025
"Steel-1",8,"8ng RDX PETN             ","Cal",8,112197.531059336,356.474770771433,11932.4910612701,0.00317720690825995,0.106352527979957,31677.2529402581,155369.126061868,53586.0547429654,4.90475377883579,1.69162568623063
"Steel-1",9,"10ng RDX PETN            ","Cal",10,151144.173440487,782.706253495448,16121.0313491502,0.00517854069845199,0.106659959045645,43745.7688887179,207527.423041192,71907.4660413448,4.74394274721992,1.64375819348988
"Steel 2",4,"0.2ng RDX PETN           ","Cal",0.2,2132.59231991176,NA,278.299351819002,NA,0.130498149702854,612.064193991895,6237.86945213538,6624.91154284117,10.1915281327795,10.8238835205068
"Steel 2",5,"2ng RDX PETN             ","Cal",2,32334.5935227314,180.646232699996,3501.92462567302,0.00558677914330362,0.108302726094613,5209.84092357204,32582.6699685325,15259.205091227,6.25406234979488,2.9289195802863
"Steel 2",6,"4ng RDX PETN             ","Cal",4,63219.7873540091,1695.95191589788,6758.14575801304,0.0268262831445657,0.106899216857054,9886.12117259192,59219.6196022069,24575.5588364748,5.99017739802605,2.4858646184317
"Steel 2",7,"6ng RDX PETN             ","Cal",6,105684.523387983,4068.22497485257,11579.2069285619,0.0384940466629871,0.109563884638557,17328.4748978346,98797.1227100111,38896.3815361635,5.70143208173254,2.24465117475653
"Steel 2",8,"8ng RDX PETN             ","Cal",8,142037.567790748,3834.01079031694,15431.2850049451,0.0269929346858802,0.108642278553226,23191.9874685632,127746.592791524,49029.4590046004,5.50822101661985,2.1140688813781
"Steel 2",9,"10ng RDX PETN            ","Cal",10,184915.642626468,4856.94614021774,20563.0549234148,0.0262657397245123,0.111202354929769,31031.4313254093,167478.142580154,62975.7058093957,5.39704858676689,2.02941672747881
"Steel 3",6,"0.2ng RDX PETN           ","Cal",0.2,2772.11729610728,NA,303.513510393999,NA,0.109487975425933,742.351006254002,6995.28648067402,7802.57518284326,9.42315215004978,10.5106278796819
"Steel 3",7,"2ng RDX PETN             ","Cal",2,34092.3783872968,NA,3733.35957171501,NA,0.109507161081672,5977.57358424393,36391.1879755962,17172.2478847541,6.0879531573678,2.87277900351036
"Steel 3",8,"4ng RDX PETN             ","Cal",4,68369.4415248174,1900.04734042619,7420.802095208,0.0277908857824514,0.108539750065303,11222.010347746,64346.394356264,26639.3769111999,5.73394537719245,2.3738506814468
"Steel 3",9,"6ng RDX PETN             ","Cal",6,112323.190187665,3747.84776151948,12276.94767573,0.0333666427676932,0.109300204661372,20275.0020056204,110747.104024949,44599.8906595088,5.46224873340328,2.19974778040196
"Steel 3",10,"8ng RDX PETN             ","Cal",8,153888.689231871,4398.26874808904,17121.3009925651,0.0285808448303954,0.111257695923108,27466.4698871696,145252.833431024,56449.0670118292,5.28836920171077,2.05519920265393
"Steel 3",11,"10ng RDX PETN            ","Cal",10,200020.446593075,5897.14594824477,22239.9450172891,0.0294827156357771,0.111188357970895,35957.8535660664,186971.963957507,71396.8416872839,5.19975319477783,1.98557017748861
"Steel 4",6,"0.2ng RDX PETN           ","Cal",0.2,3092.95048008041,NA,346.70112862401,NA,0.112093979795951,481.603109597854,4451.60292313323,3058.39592222885,9.24330186914779,6.35044886812018
"Steel 4",7,"2ng RDX PETN             ","Cal",2,32309.0820314503,NA,3458.02299488795,NA,0.107029441180713,4161.3923834611,27843.0155958605,11969.7437965755,6.69079313609523,2.87637951281587
"Steel 4",8,"4ng RDX PETN             ","Cal",4,64566.6605198979,761.554638659955,6845.97470382198,0.0117948587169885,0.10602956152134,8246.11915013341,51505.8761942152,19575.9430212161,6.24607469968244,2.37395830266403
"Steel 4",9,"6ng RDX PETN             ","Cal",6,107556.76010739,605.772307322759,11551.5332435649,0.00563211746726032,0.107399416196911,16108.8282890729,94511.0783998983,35230.4122957894,5.86703618065182,2.18702513079038
"Steel 4",10,"8ng RDX PETN             ","Cal",8,145054.670640714,799.942224219368,15778.5779730451,0.00551476364522412,0.108776766052071,20887.6704642817,119303.14456176,42689.8197206914,5.71165390442992,2.04378079373149
"Steel 4",11,"10ng RDX PETN            ","Cal",10,188911.298234151,1177.38176986843,20799.3252986358,0.0062324582006159,0.110101012978353,27085.7073731434,151515.817321986,53321.9910159914,5.59393983087258,1.96863941123658
