"RetentionTime","TIC","Mass","Intensity"
155.66502,11661,44,11661.72
155.89098,11750,44,11750.83
156.11802,12152,44,12152.12
156.34398,12629,44,12629.12
156.57102,12822,44,12822.91
156.82698,12465,44,12465.18
157.08198,11992,44,11992.55
157.33698,11826,44,11826.36
157.593,11835,44,11835.61
157.848,11997,44,11997.03
158.103,12258,44,12258.69
158.35902,12243,44,12243.07
158.61402,12048,44,12048.09
158.86902,12204,44,12204.91
159.12498,12602,44,12602.48
159.37998,12766,44,12766.85
159.63498,12636,44,12636.84
159.891,12400,44,12400.91
160.146,12329,44,12329.75
160.401,12558,44,12558.72
160.65702,12830,44,12830.89
160.91202,12965,44,12965.98
161.16702,13139,44,13139.33
161.42298,13342,44,13342.09
161.67798,13274,44,13274.63
161.93298,12987,44,12987.15
162.189,12906,44,12906.36
162.444,13037,44,13037.23
162.699,13090,44,13090.46
162.954,13174,44,13174.65
163.21002,13462,44,13462.67
163.46502,13797,44,13797.17
163.72098,13992,44,13992.75
163.97598,14152,44,14152.63
164.23098,14501,44,14501.21
164.487,14781,44,14781.27
164.742,14441,44,14441.32
164.997,13751,44,13751.84
165.25302,13600,44,13600.95
165.50802,14136,44,14136.32
165.76302,14675,44,14675.18
166.01898,14720,44,14720.98
166.27398,14461,44,14461.98
166.52898,14446,44,14446.91
166.78398,14814,44,14814.58
167.04,14985,44,14985.88
167.295,14675,44,14675.29
167.55102,14331,44,14331.39
167.80602,14147,44,14147.69
168.06102,13928,44,13928.01
168.31698,13712,44,13712.12
168.57198,13656,44,13656.6
168.82698,13798,44,13798.97
169.083,14087,44,14087.75
169.338,14308,44,14308.66
169.593,14242,44,14242.02
169.84902,13927,44,13927.46
170.10402,13591,44,13591.37
170.35902,13406,44,13406.25
170.61402,13432,44,13432.07
170.86998,13585,44,13585.38
171.12498,13646,44,13646.1
171.381,13459,44,13460
171.636,13176,44,13176.99
171.891,13081,44,13081.44
172.14702,13067,44,13067.02
172.40202,12921,44,12921.16
172.65702,12870,44,12870.79
172.91298,12950,44,12950.59
173.16798,12712,44,12712.65
173.42298,12237,44,12237.06
173.679,12170,44,12170.11
173.934,12611,44,12611.21
174.189,12950,44,12950.57
174.444,12748,44,12748.77
174.70002,12296,44,12296.83
174.95502,12056,44,12056.22
175.21098,11986,44,11986.94
175.46598,11909,44,11909.55
175.72098,11876,44,11876.1
175.977,11876,44,11876.07
176.232,11775,44,11775.05
176.487,11606,44,11606.28
176.742,11546,44,11546.89
176.99802,11559,44,11559.06
177.25302,11560,44,11560.63
177.50898,11727,44,11727.08
177.76398,11952,44,11952.2
178.01898,11892,44,11892.07
178.27398,11742,44,11742.51
178.53,11861,44,11861.54
178.785,12082,44,12082.68
179.04102,12140,44,12140.71
179.29602,12077,44,12077.14
179.55102,11940,44,11940.91
179.80698,11791,44,11791.11
180.06198,11814,44,11814.64
180.31698,11985,44,11985.45
180.57198,12057,44,12057.09
180.828,11997,44,11997.4
181.083,11997,44,11997.41
181.33902,12038,44,12038.75
181.59402,11846,44,11846.97
181.84902,11472,44,11472.87
182.10402,11356,44,11356.57
182.35998,11544,44,11544.15
182.61498,11640,44,11640.74
182.871,11551,44,11551.19
183.126,11632,44,11632.42
183.381,11997,44,11997.29
183.63702,12165,44,12165.83
183.89202,11990,44,11990.41
184.14702,11984,44,11984.45
184.40202,12190,44,12190.81
184.65798,12124,44,12124.6
184.91298,11823,44,11823.95
185.169,11763,44,11763.42
185.424,12065,44,12065.74
185.679,12361,44,12361.06
185.934,12320,44,12320.89
186.19002,12016,44,12016.3
186.44502,11719,44,11719.75
186.70098,11646,44,11646.46
186.95598,11755,44,11755.3
187.21098,11859,44,11859.76
187.467,11851,44,11851.75
187.722,11748,44,11748.36
187.977,11801,44,11801.38
188.232,12158,44,12158.64
188.48802,12415,44,12415.12
188.74302,12339,44,12339.8
188.99898,12330,44,12330.36
189.25398,12522,44,12522.15
189.50898,12574,44,12574.06
189.76398,12359,44,12359.7
190.02,12062,44,12062.22
190.275,11880,44,11880.65
190.53,11834,44,11834.85
190.78602,11752,44,11752.18
191.04102,11656,44,11656.8
191.29698,11688,44,11688.1
191.55198,11668,44,11668.75
191.80698,11416,44,11416.54
192.06198,11220,44,11220.8
192.318,11340,44,11340.77
192.573,11439,44,11439.38
192.828,11306,44,11306.23
193.08402,11310,44,11310.5
193.33902,11446,44,11446.19
193.59402,11443,44,11443.55
193.84998,11650,44,11650.62
194.10498,12151,44,12151.29
194.35998,12283,44,12283.84
194.616,11957,44,11957.99
194.871,11750,44,11750.66
195.126,11761,44,11761.37
195.38202,11732,44,11732.69
195.63702,11613,44,11613.13
195.89202,11499,44,11499.94
196.14798,11486,44,11486.01
196.40298,11500,44,11500.05
196.659,11434,44,11434.66
196.914,11506,44,11506.19
197.169,11924,44,11924.71
197.424,12383,44,12383.03
197.68002,12483,44,12483.9
197.93502,12328,44,12328
198.19002,12128,44,12128.08
198.44598,11814,44,11814.41
198.70098,11404,44,11404.57
198.95598,11176,44,11176.46
199.212,11401,44,11401.77
199.467,11912,44,11912.58
199.722,12146,44,12146.41
199.977,12054,44,12054.05
200.23302,12080,44,12080.41
200.48802,12158,44,12158.76
200.74398,11934,44,11934.06
200.99898,11539,44,11539.34
201.25398,11348,44,11348.19
201.51,11425,44,11425.47
201.765,11549,44,11549.76
202.02,11548,44,11548.25
202.27602,11424,44,11424.92
202.53102,11279,44,11279.3
202.78602,11226,44,11226.64
203.04198,11233,44,11233.25
203.29698,11033,44,11033.35
203.55198,10631,44,10631.45
203.80698,10581,44,10581.53
204.063,11148,44,11148.09
204.318,11836,44,11836.2
204.57402,12111,44,12111.39
204.82902,11868,44,11868.93
205.08402,11375,44,11375.47
205.33998,11139,44,11139.94
205.59498,11339,44,11339.29
205.84998,11654,44,11654.92
206.10498,11823,44,11823.88
206.361,11784,44,11784.36
206.616,11662,44,11662.01
206.87202,11673,44,11673.16
207.12702,11732,44,11732.04
207.38202,11673,44,11673.02
207.63702,11594,44,11594.1
207.89298,11551,44,11551.86
208.14798,11544,44,11544.41
208.404,11592,44,11592.27
208.659,11613,44,11613.86
208.914,11619,44,11619.83
209.17002,11747,44,11747.32
209.42502,11954,44,11954.96
209.68002,11978,44,11978.6
209.93502,11788,44,11788.88
210.19098,11815,44,11815.02
210.44598,12184,44,12184.97
210.702,12388,44,12388.07
210.957,12237,44,12237.04
211.212,12084,44,12084.41
211.467,12056,44,12056.63
211.72302,12019,44,12019.12
211.97802,11979,44,11979.5
212.23398,12041,44,12041.3
212.48898,12104,44,12104.63
212.74398,11946,44,11946.84
213,11678,44,11678.8
213.255,11574,44,11574.98
213.51,11554,44,11554.6
213.765,11475,44,11475.9
214.02102,11573,44,11573.15
214.27602,11903,44,11903.31
214.53198,11996,44,11996.31
214.78698,11776,44,11776.83
215.04198,11673,44,11673.87
215.29698,11676,44,11676.07
215.553,11556,44,11556.47
215.808,11397,44,11397.96
216.063,11350,44,11350.95
216.31902,11487,44,11487.9
216.57402,11675,44,11675.63
216.82902,11697,44,11697.35
217.08498,11637,44,11637.4
217.33998,11656,44,11656.44
217.59498,11774,44,11774
217.851,11851,44,11851.68
218.106,11607,44,11607.95
218.361,11139,44,11139.61
218.61702,10907,44,10907.96
218.87202,10990,44,10990.61
219.12702,11125,44,11125.3
219.38298,11206,44,11206.02
219.63798,11233,44,11233.77
219.89298,11292,44,11292.83
220.149,11477,44,11477.94
220.404,11691,44,11691.85
220.659,11838,44,11838.43
220.91502,11965,44,11965.78
221.17002,12067,44,12067.75
221.42502,12064,44,12064.65
221.68002,11955,44,11955.26
221.93598,11768,44,11768.36
222.19098,11555,44,11555.28
222.447,11424,44,11425
222.702,11410,44,11410.06
222.957,11457,44,11457.96
223.21302,11653,44,11653.31
223.46802,12029,44,12029.71
223.72302,12297,44,12297.53
223.97802,12187,44,12187.54
224.23398,11835,44,11835.01
224.48898,11658,44,11658.96
224.745,11806,44,11806.75
225,11961,44,11961.78
225.255,11927,44,11927.92
225.51,11855,44,11855.77
225.76602,11816,44,11816.69
226.02102,11783,44,11783.39
226.27602,11849,44,11849.12
226.53198,12014,44,12014.83
226.78698,12012,44,12012.56
227.04198,11778,44,11778.93
227.298,11598,44,11598.16
227.553,11512,44,11512.83
227.808,11420,44,11420.19
228.063,11395,44,11395.59
228.31902,11384,44,11384.52
228.57402,11386,44,11386.48
228.82998,11555,44,11555.57
229.08498,11689,44,11689.11
229.33998,11588,44,11588.11
229.596,11445,44,11445.09
229.851,11379,44,11379.01
230.106,11365,44,11365.4
230.361,11435,44,11435.78
230.61702,11545,44,11545.65
230.87202,11659,44,11659.38
231.12798,11840,44,11840.95
231.38298,12058,44,12058.79
231.63798,12170,44,12170.05
231.89298,12094,44,12094.16
232.149,11973,44,11973.4
232.404,11958,44,11958.45
232.66002,11900,44,11900.93
232.91502,11663,44,11663.19
233.17002,11407,44,11407.51
233.42502,11274,44,11274.82
233.68098,11178,44,11178.28
233.93598,11017,44,11017.94
234.19098,10920,44,10920.02
234.447,11132,44,11132.65
234.702,11480,44,11480.72
234.95802,11562,44,11562.59
235.21302,11526,44,11526.95
235.46802,11660,44,11660.4
235.72302,11852,44,11852.82
235.97898,12006,44,12006.67
236.23398,12080,44,12080.79
236.48898,11912,44,11912.62
236.745,11583,44,11583.55
237,11405,44,11405.83
237.255,11446,44,11446.01
237.51102,11516,44,11516.44
237.76602,11557,44,11557.22
238.02102,11632,44,11632.02
238.27602,11590,44,11590.4
238.53198,11344,44,11344.34
238.78698,11140,44,11140.33
239.043,11110,44,11110.6
239.298,11141,44,11141.35
239.553,11271,44,11271.91
239.80902,11631,44,11631.29
240.06402,12006,44,12006.46
240.31902,12096,44,12096.06
240.57402,12059,44,12059.53
240.82902,12037,44,12037.05
241.08498,11773,44,11773.83
241.33998,11541,44,11541.91
241.596,11832,44,11832.4
241.851,12203,44,12203.21
242.106,12222,44,12222.2
242.36202,12211,44,12211.01
242.61702,12263,44,12263.48
242.87202,12087,44,12087.38
243.12702,11650,44,11650.54
243.38202,11174,44,11174.32
243.63798,10788,44,10788.24
243.89298,10564,44,10564.32
244.149,10751,44,10751.51
244.404,11319,44,11319.16
244.659,11755,44,11755.19
244.91502,11861,44,11861.46
245.17002,11882,44,11882.77
245.42502,11912,44,11912.91
245.68002,11914,44,11914.89
245.93598,11872,44,11872.32
246.19098,11805,44,11805.12
246.44598,11885,44,11885.41
246.702,12062,44,12062.65
246.957,12048,44,12048.54
247.212,11938,44,11938.3
247.46802,11917,44,11917.37
247.72302,11923,44,11923.72
247.97802,12012,44,12012.98
248.23302,12087,44,12087.05
248.48802,11930,44,11930.58
248.74398,11728,44,11728.7
248.99898,11672,44,11672.35
249.255,11555,44,11555.01
249.51,11221,44,11221.55
249.765,10953,44,10953.45
250.02102,10979,44,10979.03
250.27602,11108,44,11108.42
250.53102,11356,44,11356.47
250.78602,11849,44,11849.36
251.04102,12163,44,12163.21
251.29698,11961,44,11961.73
251.55198,11503,44,11503.03
251.808,11135,44,11135.97
252.063,11025,44,11025.04
252.318,11167,44,11167.35
252.57402,11490,44,11490.4
252.82902,11914,44,11914.24
253.08402,12237,44,12237.85
253.33902,12320,44,12320.57
253.59402,12115,44,12115.1
253.84998,11603,44,11603.73
254.10498,11156,44,11156.35
254.361,11140,44,11140.56
254.616,11272,44,11272.01
254.871,11208,44,11208.46
255.12702,11148,44,11148.21
255.38202,11462,44,11462.49
255.63702,12106,44,12106.4
255.89202,12559,44,12559.98
256.14798,12516,44,12516.94
256.40298,12221,44,12221.16
256.65798,11891,44,11891.22
256.914,11498,44,11498.35
257.169,11201,44,11201.1
257.424,11242,44,11242.82
257.68002,11520,44,11520.63
257.93502,11816,44,11816.88
258.19002,11977,44,11977.61
258.44502,11849,44,11849.8
258.70098,11665,44,11665.2
258.95598,11738,44,11738.55
259.212,11848,44,11848.92
259.467,11796,44,11796.45
259.722,11681,44,11681.89
259.977,11577,44,11578
260.23302,11610,44,11610.87
260.48802,11792,44,11792.66
260.74302,11925,44,11925.56
260.99802,11976,44,11976.22
261.25398,11989,44,11989.89
261.50898,11885,44,11885.88
261.765,11677,44,11677.81
262.02,11498,44,11498.2
262.275,11415,44,11415.4
262.53,11441,44,11441.53
262.78602,11511,44,11511.17
263.04102,11477,44,11477.79
263.29602,11437,44,11437.45
263.55198,11609,44,11609.53
263.80698,11808,44,11808.33
264.06198,11726,44,11726.49
264.318,11466,44,11466.63
264.573,11308,44,11308.66
264.828,11305,44,11305.87
265.083,11323,44,11323.57
265.33902,11417,44,11417.62
265.59402,11794,44,11794.28
265.84902,12211,44,12211.66
266.10498,12268,44,12268.16
266.35998,12130,44,12130.81
266.61498,12068,44,12068.53
266.871,11955,44,11955.63
267.126,11728,44,11728.05
267.381,11556,44,11556.68
267.636,11484,44,11484.41
267.89202,11372,44,11372.65
268.14702,11275,44,11275.34
268.40298,11447,44,11447.3
268.65798,11781,44,11781.21
268.91298,11910,44,11910.06
269.16798,11806,44,11806.08
269.424,11608,44,11608.2
269.679,11353,44,11353.02
269.934,11260,44,11260.32
270.189,11531,44,11531.73
270.44502,11899,44,11899.87
270.70002,12050,44,12050.94
270.95598,12059,44,12059.68
271.21098,12027,44,12027.71
271.46598,11832,44,11832.17
271.72098,11489,44,11489.71
271.977,11348,44,11348.47
272.232,11609,44,11609.64
272.487,12000,44,12000.13
272.742,12202,44,12202.33
272.99802,12142,44,12142.27
273.25302,11914,44,11914.47
273.50898,11741,44,11741.33
273.76398,11655,44,11655.27
274.01898,11478,44,11478.7
274.27398,11332,44,11332.07
274.52898,11432,44,11432.59
274.785,11555,44,11555.5
275.04,11470,44,11470.41
275.295,11380,44,11380.39
275.55102,11392,44,11392.52
275.80602,11369,44,11369.48
276.06198,11472,44,11472.62
276.31698,11833,44,11833.18
276.57198,12015,44,12015
276.82698,11699,44,11699.21
277.083,11283,44,11283.05
277.338,11298,44,11298.14
277.593,11711,44,11711.08
277.84902,11990,44,11990.36
278.10402,11768,44,11768.11
278.35902,11354,44,11354.29
278.61498,11188,44,11188.62
278.86998,11181,44,11181.48
279.12498,11224,44,11224.96
279.37998,11433,44,11433.88
279.636,11624,44,11624.04
279.891,11613,44,11613.34
280.14702,11655,44,11655.96
280.40202,11915,44,11915.31
280.65702,12086,44,12086.28
280.91202,11876,44,11876.31
281.16798,11526,44,11526.69
281.42298,11413,44,11413.38
281.67798,11494,44,11494.23
281.934,11447,44,11447.29
282.189,11173,44,11173.27
282.444,11101,44,11101.85
282.70002,11500,44,11500.28
282.95502,11929,44,11929.12
283.21002,12073,44,12073.99
283.46502,12066,44,12066.33
283.72098,11917,44,11917.92
283.97598,11600,44,11600.6
284.23098,11195,44,11195.31
284.487,10810,44,10810.18
284.742,10678,44,10678.37
284.997,10820,44,10820.06
285.25302,10913,44,10913.71
285.50802,11048,44,11048.63
285.76302,11601,44,11601.16
286.01802,12241,44,12241.62
286.27398,12406,44,12406.15
286.52898,12200,44,12200.87
286.78398,11888,44,11888.44
287.04,11553,44,11553.46
287.295,11388,44,11388.6
287.55,11424,44,11424.75
287.80602,11485,44,11485.71
288.06102,11602,44,11602.59
288.31602,11842,44,11842.45
288.57102,12024,44,12024.72
288.82698,12041,44,12041.43
289.08198,12035,44,12035.15
289.33698,12131,44,12131.11
289.593,12204,44,12204.67
289.848,12084,44,12084.7
290.103,11933,44,11933.21
290.35902,11834,44,11834.3
290.61402,11622,44,11622.54
290.86902,11579,44,11579.79
291.12402,11924,44,11924.17
291.37998,12079,44,12079.88
291.63498,11808,44,11808.4
291.88998,11667,44,11667.64
292.146,11877,44,11877.55
292.401,12077,44,12077.62
292.656,11977,44,11977.43
292.91202,11662,44,11662.2
293.16702,11373,44,11373.58
293.42202,11215,44,11215.94
293.67702,11215,44,11215.29
293.93298,11334,44,11334.75
294.18798,11394,44,11394.07
294.44298,11397,44,11397.12
294.699,11492,44,11492.13
294.954,11591,44,11591.94
295.209,11647,44,11647.76
295.46502,11697,44,11697.93
295.72002,11613,44,11613.07
295.97502,11438,44,11438.38
296.23002,11415,44,11415.74
296.48598,11436,44,11436.42
296.74098,11254,44,11254.11
296.997,11116,44,11116.76
297.252,11328,44,11328.18
297.507,11580,44,11580.17
297.762,11618,44,11618.52
298.01802,11659,44,11659.17
298.27302,11758,44,11758.97
298.52802,11777,44,11777.12
298.78302,11657,44,11657.49
299.03898,11377,44,11377.81
299.29398,11151,44,11151.73
299.55,11236,44,11236.19
299.805,11420,44,11420.93
300.06,11452,44,11452.9
300.31602,11390,44,11390.59
300.57102,11300,44,11300.58
300.82602,11235,44,11235.82
301.08102,11316,44,11316.76
301.33602,11595,44,11595.33
301.59198,11977,44,11977.56
301.84698,12166,44,12166.01
302.103,11955,44,11955.72
302.358,11543,44,11543.39
302.613,11210,44,11210.42
302.86902,11068,44,11068.57
303.12402,11182,44,11182.9
303.37902,11539,44,11539.53
303.63402,11846,44,11846.62
303.88998,11901,44,11901.63
304.14498,11832,44,11832.89
304.401,11703,44,11703.62
304.656,11543,44,11543.91
304.911,11540,44,11540.13
305.166,11706,44,11706.96
305.42202,11860,44,11860.26
305.67702,11957,44,11957.72
305.93202,11986,44,11986.32
306.18702,11828,44,11828.96
306.44298,11573,44,11573.01
306.69798,11482,44,11482.66
306.954,11583,44,11583.27
307.209,11752,44,11752.2
307.464,11767,44,11767.54
307.719,11482,44,11482.46
307.97502,11266,44,11266
308.23002,11335,44,11335.01
308.48502,11336,44,11336.11
308.74098,11275,44,11275.9
308.99598,11435,44,11435.28
309.25098,11630,44,11630.89
309.507,11710,44,11710.64
309.762,11819,44,11819.23
310.017,11925,44,11925.34
310.272,11914,44,11914.38
310.52802,11916,44,11916.48
310.78302,12104,44,12104.13
311.03802,12291,44,12291.03
311.29398,12161,44,12161.06
311.54898,11862,44,11862.46
311.80398,11669,44,11669.66
312.06,11551,44,11551.86
313.64502,11673,44,11673.16
313.87002,11761,44,11761.93
314.097,11864,44,11864.13
314.32398,11717,44,11717
314.55102,11487,44,11487.32
314.80602,11490,44,11490.22
315.06198,11604,44,11604.27
315.31698,11739,44,11739.5
315.57198,12094,44,12094.13
315.828,12466,44,12466.63
316.083,12486,44,12486.59
316.33902,12272,44,12272
316.59402,12046,44,12046.49
316.84902,11757,44,11757.77
317.10498,11410,44,11410.44
317.35998,11144,44,11144.65
317.616,11009,44,11009.82
317.871,11013,44,11013.19
318.126,11108,44,11108.74
318.38202,11140,44,11140.34
318.63702,11102,44,11102.94
318.89298,11212,44,11212.19
319.14798,11536,44,11536.4
319.40298,11956,44,11956.6
319.659,12337,44,12337.11
319.914,12464,44,12464.26
320.17002,12284,44,12284.57
320.42502,12008,44,12008.61
320.68002,11744,44,11744.51
320.93598,11577,44,11577.46
321.19098,11640,44,11640.28
321.447,11815,44,11815.03
321.702,11897,44,11897.06
321.957,11777,44,11777.2
322.21302,11425,44,11425.65
322.46802,11004,44,11004.09
322.72398,10749,44,10749.37
322.97898,10783,44,10783.52
323.23398,11072,44,11072.57
323.49,11466,44,11466.51
323.745,11765,44,11765.29
324.00102,11786,44,11786.35
324.25602,11659,44,11659.75
324.51102,11689,44,11689.66
324.76698,11732,44,11732.5
325.02198,11580,44,11580.57
325.278,11494,44,11494.05
325.533,11645,44,11645.49
325.788,11868,44,11868.62
326.04402,11907,44,11907.93
326.29902,11741,44,11741.57
326.55498,11714,44,11714.84
326.80998,11786,44,11786.73
327.06498,11557,44,11557.85
327.321,11209,44,11209.54
327.576,11120,44,11120.31
327.83202,11269,44,11269.88
328.08702,11485,44,11485.94
328.34202,11607,44,11607.63
328.59798,11638,44,11638.5
328.85298,11689,44,11689.73
329.109,11647,44,11647.65
329.364,11452,44,11452.17
329.619,11484,44,11484.8
329.87502,11869,44,11869.32
330.13002,12004,44,12004.16
330.38502,11693,44,11693.96
330.64098,11576,44,11576.17
330.89598,11842,44,11842.8
331.152,11985,44,11985.09
331.407,11791,44,11791.79
331.662,11600,44,11600.55
331.91802,11663,44,11663.8
332.17302,11779,44,11779.84
332.42802,11758,44,11758.97
332.68398,11768,44,11768.25
332.93898,11924,44,11924.16
333.195,12081,44,12081.14
333.45,12116,44,12116.54
333.705,12088,44,12088.75
333.96102,12057,44,12057.96
334.21602,11920,44,11920.67
334.47198,11668,44,11668.63
334.72698,11556,44,11556.98
334.98198,11687,44,11687.49
335.238,11891,44,11891.4
335.493,12207,44,12207.3
335.74902,12647,44,12647.01
336.00402,12765,44,12765.88
336.25902,12439,44,12439.08
336.51498,12153,44,12153.39
336.76998,12004,44,12004.93
337.026,11793,44,11793.6
337.281,11704,44,11704.54
337.536,11835,44,11835.28
337.79202,11980,44,11980.03
338.04702,12001,44,12001.43
338.30298,11894,44,11894.4
338.55798,11766,44,11766.05
338.81298,11784,44,11784.69
339.069,11894,44,11894.53
339.324,11821,44,11821.68
339.58002,11626,44,11626.93
339.83502,11653,44,11653.55
340.09002,11831,44,11831.89
340.34598,11901,44,11901.44
340.60098,11910,44,11910.13
340.857,11941,44,11941.08
341.112,11981,44,11981.76
341.367,11923,44,11923.92
341.62302,11688,44,11688.25
341.87802,11458,44,11458.4
342.13398,11493,44,11493.66
342.38898,11892,44,11892.3
342.64398,12388,44,12388.16
342.89898,12549,44,12549.36
343.155,12395,44,12395.62
343.41102,12171,44,12171.7
343.66602,11865,44,11865.67
343.92102,11573,44,11573.77
344.17602,11484,44,11484.14
344.43198,11529,44,11529.04
344.688,11638,44,11638.55
344.943,11843,44,11843.38
345.198,12088,44,12088.06
345.453,12233,44,12233.46
345.70902,12139,44,12139.71
345.96402,11903,44,11903.64
346.21998,11881,44,11881.68
346.47498,12084,44,12084.27
346.72998,12077,44,12077.09
346.986,11787,44,11787.08
347.241,11659,44,11659.94
347.49702,11865,44,11865.61
347.75202,12092,44,12092.66
348.00702,12163,44,12163.52
348.26298,12151,44,12151.35
348.51798,12104,44,12104.53
348.774,12064,44,12064.19
349.029,12018,44,12018.29
349.284,11956,44,11956.12
349.54002,12042,44,12042.52
349.79502,12241,44,12241.69
350.05098,12157,44,12157.68
350.30598,11756,44,11756.85
350.56098,11500,44,11500.44
350.817,11595,44,11595.42
351.072,11797,44,11797.54
351.32802,11895,44,11895.83
351.58302,11893,44,11893.61
351.83802,11848,44,11848.37
352.09398,11799,44,11799.93
352.34898,11699,44,11699.4
352.605,11496,44,11496.2
352.86,11322,44,11322.86
353.115,11302,44,11302.9
353.37102,11402,44,11402.48
353.62602,11635,44,11635.49
353.88198,11898,44,11898.07
354.13698,11937,44,11937.36
354.39198,11872,44,11872.7
354.648,12019,44,12019.29
354.903,12271,44,12271.95
355.15902,12316,44,12316.7
355.41402,12045,44,12045.48
355.66902,11689,44,11689.21
355.92498,11637,44,11637.08
356.17998,11839,44,11839.99
356.436,11913,44,11913.92
356.691,11753,44,11753.26
356.946,11565,44,11565.95
357.20202,11587,44,11587.11
357.45702,11754,44,11754.03
357.71298,11788,44,11788.91
357.96798,11677,44,11677.3
358.22298,11649,44,11649.22
358.479,11813,44,11813.9
358.734,11934,44,11934.19
358.99002,11838,44,11838.75
359.24502,11760,44,11760.53
359.50002,11685,44,11685.82
359.75598,11425,44,11425.81
360.01098,11276,44,11276.84
360.267,11385,44,11385.22
360.522,11387,44,11387.33
360.777,11309,44,11309.97
361.03302,11536,44,11536.77
361.28802,11913,44,11913.11
361.54398,12009,44,12009.72
361.79898,11860,44,11860.71
362.05398,11793,44,11793.13
362.31,11990,44,11990.04
362.565,12278,44,12278.71
362.82102,12272,44,12272.99
363.07602,11943,44,11943.92
363.33102,11610,44,11610.55
363.58698,11420,44,11420.96
363.84198,11426,44,11426.68
364.098,11673,44,11673.38
364.353,11948,44,11948.9
364.608,12043,44,12043.43
364.86402,12086,44,12086.42
365.11902,12169,44,12169.84
365.37498,12183,44,12183.38
365.62998,12152,44,12152.77
365.88498,12131,44,12131.92
366.141,11997,44,11997.67
366.396,11852,44,11852
366.65202,12033,44,12033.86
366.90702,12300,44,12300.67
367.16202,12055,44,12055.45
367.41798,11538,44,11538.98
367.67298,11419,44,11419.51
367.929,11613,44,11613.83
368.184,11831,44,11831.19
368.439,12110,44,12110.37
368.69502,12212,44,12212.21
368.95002,11939,44,11939.72
369.20598,11616,44,11616.43
369.46098,11471,44,11471.25
369.71598,11491,44,11491.67
369.972,11764,44,11764.16
370.227,12218,44,12218.01
370.48302,12428,44,12428.56
370.73802,12210,44,12210.62
370.99302,11976,44,11976.36
371.24898,11964,44,11964.46
371.50398,11838,44,11838.23
371.75898,11542,44,11542.68
372.015,11513,44,11514
372.27,11721,44,11721.66
372.52602,11657,44,11657.61
372.78102,11367,44,11367.55
373.03602,11326,44,11326.75
373.29198,11473,44,11473.75
373.54698,11587,44,11587.73
373.803,11814,44,11814.09
374.058,12064,44,12064.55
374.313,12031,44,12031.75
374.56902,11850,44,11850.34
374.82402,11886,44,11886.71
375.07998,12123,44,12123.81
375.33498,12246,44,12246.14
375.58998,12104,44,12104.79
375.846,11838,44,11838.75
376.101,11560,44,11560.98
376.35702,11424,44,11424.71
376.61202,11681,44,11681.98
376.86702,12088,44,12088.48
377.12298,12076,44,12076.42
377.37798,11762,44,11762.03
377.634,11782,44,11782.09
377.889,12207,44,12207.93
378.144,12550,44,12550.99
378.40002,12611,44,12611.27
378.65502,12616,44,12616.55
378.91098,12686,44,12686.26
379.16598,12676,44,12676.02
379.42098,12477,44,12477.47
379.677,12324,44,12324.95
379.932,12531,44,12531.53
380.187,12801,44,12801.57
380.44302,12691,44,12691.5
380.69802,12373,44,12373.52
380.95398,12077,44,12077.31
381.20898,11755,44,11755.71
381.46398,11519,44,11519.77
381.72,11504,44,11504.47
381.975,11565,44,11565.56
382.23,11643,44,11643.29
382.48602,11981,44,11981.09
382.74102,12457,44,12457.48
382.99698,12496,44,12496.68
383.25198,12144,44,12144.53
383.50698,12032,44,12032.56
383.763,12181,44,12181.7
384.018,12064,44,12064.31
384.27402,11640,44,11640.31
384.52902,11411,44,11411.56
384.78402,11666,44,11666.34
385.03998,12180,44,12180.42
385.29498,12516,44,12516.33
385.551,12507,44,12507.94
385.806,12370,44,12370.59
386.061,12263,44,12263.36
386.31702,12172,44,12172.2
386.57202,12130,44,12130.57
386.82798,12238,44,12238.18
387.08298,12471,44,12471.64
387.33798,12519,44,12519.8
387.594,12234,44,12234.91
387.849,11974,44,11974.96
388.10502,11937,44,11937.55
388.36002,11917,44,11917.82
388.61502,11825,44,11825.14
388.87098,11678,44,11679
389.12598,11523,44,11523.08
389.382,11537,44,11537.12
389.637,11732,44,11732.9
389.892,11880,44,11880.31
390.147,11902,44,11902.49
390.40302,11935,44,11935.83
390.65898,12064,44,12064.15
390.91398,12132,44,12132.05
391.16898,11985,44,11985.15
391.42398,11809,44,11809.93
391.68,11855,44,11855.43
391.93602,12074,44,12074.02
392.19102,12205,44,12205.94
392.44602,12094,44,12094.6
392.70102,12047,44,12047.88
392.95698,12262,44,12262.3
393.21198,12247,44,12247.93
393.468,11937,44,11937.02
393.723,11936,44,11936.9
393.978,12217,44,12217.38
394.23402,12216,44,12216.56
394.48902,11897,44,11897.88
394.74498,11671,44,11671.25
394.99998,11682,44,11682.29
395.25498,11777,44,11777.35
395.50998,11948,44,11948.4
395.766,12169,44,12169.43
396.021,12147,44,12147.21
396.27702,11811,44,11811.42
396.53202,11539,44,11539.91
396.78702,11634,44,11634.24
397.04298,11968,44,11968.33
397.29798,12240,44,12240.25
397.554,12326,44,12326.65
397.809,12404,44,12404.39
398.064,12635,44,12635.83
398.319,12732,44,12732.41
398.57502,12431,44,12431.33
398.83002,12018,44,12018.67
399.08598,11875,44,11875.03
399.34098,12027,44,12027.39
399.59598,12200,44,12200.92
399.852,12202,44,12202.07
400.107,12154,44,12154.55
400.362,12105,44,12105.39
400.61802,11946,44,11946.22
400.87302,11830,44,11830.77
401.12898,11899,44,11899.84
401.38398,12050,44,12050.29
401.63898,12211,44,12211.47
401.895,12270,44,12270.79
402.15,12125,44,12125.81
402.405,11927,44,11927.29
402.66102,11868,44,11868.69
402.91602,12027,44,12027.93
403.17102,12316,44,12316.82
403.42698,12439,44,12439.3
403.68198,12320,44,12320.65
403.938,12212,44,12212.13
404.193,12242,44,12242.07
404.448,12260,44,12260.75
404.703,12083,44,12083.5
404.95902,11828,44,11828.28
405.21402,11729,44,11729.79
405.46998,11687,44,11687.71
405.72498,11575,44,11575.05
405.97998,11501,44,11501.22
406.236,11454,44,11454.12
406.491,11459,44,11459.26
406.74702,11722,44,11722.02
407.00202,12056,44,12056.59
407.25702,12066,44,12066.79
407.51298,11874,44,11874.98
407.76798,11718,44,11718.31
408.02298,11516,44,11516.93
408.279,11373,44,11373.07
408.534,11436,44,11436.28
408.789,11486,44,11486.76
409.04502,11496,44,11496.93
409.30002,11714,44,11714.09
409.55502,12003,44,12003.91
409.81098,12118,44,12118.04
410.06598,12230,44,12230.03
410.322,12544,44,12544.79
410.577,12831,44,12831.72
410.832,12720,44,12720.83
411.087,12225,44,12225.6
411.34302,11837,44,11837.85
411.59898,11926,44,11926.5
411.85398,12201,44,12201.31
412.10898,12301,44,12301.94
412.36398,12355,44,12355.13
412.62,12487,44,12487.07
412.875,12578,44,12578.71
413.13102,12527,44,12527.96
413.38602,12383,44,12383.74
413.64102,12322,44,12322.68
413.89698,12228,44,12228.15
414.15198,11913,44,11913.52
414.40698,11715,44,11715.9
414.663,11870,44,11870.52
414.918,12197,44,12197.15
415.17402,12544,44,12544.07
415.42902,12808,44,12808.06
415.68402,12987,44,12987.84
415.93902,12990,44,12990.37
416.19498,12636,44,12636.22
416.44998,12371,44,12371.11
416.706,12735,44,12735.77
416.961,13228,44,13228.27
417.216,13100,44,13100.08
417.47202,12624,44,12624.24
417.72702,12504,44,12504.02
417.98298,12716,44,12716.56
418.23798,12806,44,12806.81
418.49298,12741,44,12741.64
418.74798,12821,44,12821.42
419.004,12957,44,12957.62
419.259,12715,44,12715.96
419.51502,12226,44,12226.53
419.77002,12110,44,12110.23
420.02502,12401,44,12401.62
420.28098,12454,44,12454.2
420.53598,12065,44,12065.02
420.79098,11746,44,11746.32
421.047,11676,44,11676.97
421.302,11607,44,11607.49
421.55802,11622,44,11622.07
421.81302,11831,44,11831.6
422.06802,12002,44,12002.85
422.32302,12016,44,12016.02
422.57898,11970,44,11970.56
422.83398,12012,44,12012.24
423.09,12312,44,12312.66
423.345,12677,44,12677.11
423.6,12627,44,12627.72
423.855,12325,44,12325.82
424.11102,12393,44,12393.05
424.36602,12837,44,12837.53
424.62198,13136,44,13136.24
424.87698,12921,44,12921.17
425.13198,12293,44,12293.88
425.388,11798,44,11798.75
425.643,11851,44,11851.5
425.89902,12302,44,12302.8
426.15402,12696,44,12696.82
426.40902,12845,44,12845.51
426.66498,12977,44,12977.09
426.91998,13172,44,13173
427.17498,13114,44,13114.36
427.431,12667,44,12667.68
427.686,12291,44,12291.97
427.94202,12369,44,12369.78
428.19702,12590,44,12590.47
428.45202,12573,44,12573.72
428.70702,12382,44,12382.56
428.96298,12184,44,12184.67
429.21798,12178,44,12178.28
429.474,12449,44,12449.5
429.729,12727,44,12727.67
429.984,12780,44,12780.05
430.239,12722,44,12722.52
430.49502,12821,44,12821.04
430.75002,13041,44,13041.62
431.00598,13116,44,13116.92
431.26098,13060,44,13060.51
431.51598,13033,44,13033.76
431.772,12953,44,12953.39
432.027,12747,44,12747.71
432.28302,12554,44,12554.29
432.53802,12422,44,12422.2
432.79302,12321,44,12321.57
433.04898,12260,44,12260.84
433.30398,12230,44,12230.21
433.55898,12404,44,12404.78
433.815,12848,44,12848.14
434.07,13003,44,13003.34
434.325,12554,44,12554.24
434.58102,12013,44,12013.13
434.83602,11770,44,11770.86
435.09102,11640,44,11640.42
435.34698,11530,44,11530
435.60198,11749,44,11749.95
435.858,12325,44,12325.09
436.113,12724,44,12724.96
436.368,12644,44,12644.15
436.623,12345,44,12345.95
436.87902,12161,44,12161.03
437.13402,12193,44,12193.72
437.38998,12370,44,12370.46
437.64498,12458,44,12458.25
437.89998,12361,44,12361.66
438.156,12315,44,12315.56
438.411,12405,44,12405.52
438.66702,12459,44,12459.81
438.92202,12443,44,12443.93
439.17702,12407,44,12407.62
439.43298,12354,44,12354.87
439.68798,12282,44,12282.78
439.94298,12215,44,12215.77
440.199,12177,44,12177.98
440.454,12062,44,12062.12
440.709,11931,44,11931.82
440.96502,12030,44,12030.82
441.22002,12187,44,12187.31
441.47502,12102,44,12102.94
441.73098,11896,44,11896.62
441.98598,11784,44,11784.3
442.242,11844,44,11844.33
442.497,12139,44,12139.2
442.752,12499,44,12499.68
443.007,12509,44,12509.93
443.26302,12201,44,12201.93
443.51802,12027,44,12027.69
443.77398,12033,44,12033
445.359,12509,44,12509.56
445.584,12385,44,12385.66
445.812,12509,44,12509.39
446.03898,12628,44,12628.15
446.265,12671,44,12671.31
446.52102,12778,44,12778.96
446.77698,12799,44,12799.42
447.03198,12540,44,12540.23
447.288,12178,44,12178.79
447.543,11942,44,11942.44
447.798,11867,44,11867.25
448.05402,11952,44,11952.64
448.30998,12193,44,12193.3
448.56498,12543,44,12543.6
448.81998,12878,44,12878.68
449.076,13100,44,13100.61
449.33202,13281,44,13281.76
449.58702,13377,44,13377.26
449.84298,13187,44,13187.04
450.09798,12857,44,12857.97
450.35298,12738,44,12738.13
450.609,12907,44,12907.39
450.86502,13166,44,13166.98
451.12002,13162,44,13162.15
451.37502,12813,44,12813.23
451.63098,12500,44,12500.15
451.887,12519,44,12519.33
452.142,12686,44,12686.62
452.39802,12623,44,12623.38
452.65302,12363,44,12363.86
452.90802,12299,44,12299.88
453.16398,12498,44,12498.23
453.42,12660,44,12660.59
453.675,12662,44,12662.3
453.93,12707,44,12707.54
454.18602,12926,44,12926.49
454.44198,13143,44,13143.83
454.69698,13197,44,13197.85
454.953,13024,44,13024.33
455.208,12718,44,12718.86
455.463,12793,44,12793.59
455.71902,13395,44,13395.06
455.97498,13760,44,13760.17
456.22998,13486,44,13486.81
456.48498,13121,44,13121.83
456.741,13103,44,13103.04
456.99702,13278,44,13278.05
457.25202,13309,44,13309.56
457.50798,13082,44,13082.14
457.76298,12797,44,12797.33
458.01798,12575,44,12575.75
458.274,12427,44,12427.67
458.53002,12423,44,12423.27
458.78502,12429,44,12429.27
459.04098,12373,44,12373.13
459.29598,12394,44,12394.4
459.552,12466,44,12466.55
459.807,12624,44,12624.44
460.06302,12859,44,12859.25
460.31802,12820,44,12820.97
460.57302,12576,44,12576.44
460.82898,12553,44,12553.08
461.085,12683,44,12683.36
461.34,12763,44,12763.44
461.595,12842,44,12842.99
461.85102,12861,44,12861.6
462.10698,12762,44,12762.08
462.36198,12642,44,12642.6
462.618,12483,44,12483.41
462.873,12366,44,12366.73
463.128,12542,44,12542.46
463.38402,12807,44,12807.36
463.63998,12851,44,12851.25
463.89498,12926,44,12926.61
464.151,13112,44,13112.82
464.406,13102,44,13102.51
464.66202,12929,44,12929.38
464.91702,12737,44,12737.05
465.17298,12525,44,12525.51
465.42798,12461,44,12461.82
465.68298,12625,44,12625.42
465.939,12848,44,12848.53
466.19502,12953,44,12953.62
466.45002,12808,44,12808.64
466.70598,12482,44,12482.75
466.96098,12293,44,12293.9
467.217,12403,44,12403.44
467.472,12596,44,12596.96
467.72802,12729,44,12729.04
467.98302,12837,44,12837.58
468.23802,12769,44,12769.92
468.49398,12542,44,12542.7
468.75,12562,44,12562.63
469.005,12763,44,12763.6
469.26102,12704,44,12704.46
469.51602,12525,44,12525.23
469.77198,12464,44,12464.41
470.02698,12284,44,12284.42
470.283,12036,44,12036.54
470.538,12128,44,12128.92
470.79402,12486,44,12486.25
471.04902,12803,44,12803.5
471.30498,13070,44,13070.77
471.55998,13219,44,13219.48
471.816,13145,44,13145.16
472.071,12962,44,12962.84
472.32702,12705,44,12705.16
472.58202,12336,44,12336.64
472.83798,12048,44,12048.67
473.09298,11986,44,11986.23
473.349,12084,44,12084.66
473.604,12322,44,12322.74
473.86002,12597,44,12597.71
474.11502,12629,44,12629.13
474.37098,12417,44,12417.1
474.62598,12343,44,12343.29
474.882,12533,44,12533.02
475.137,12766,44,12766.28
475.39302,12912,44,12912.03
475.64802,12902,44,12902.99
475.90398,12845,44,12845.22
476.15898,13073,44,13073.25
476.415,13432,44,13432.97
476.67,13442,44,13442.52
476.92602,13272,44,13272.03
477.18102,13141,44,13141.11
477.43698,12780,44,12780.92
477.69198,12414,44,12414.23
477.948,12458,44,12458.69
478.203,12524,44,12524.31
478.45902,12231,44,12231.57
478.71402,11942,44,11942.97
478.96998,12070,44,12070.15
479.22498,12530,44,12530.71
479.481,12867,44,12867.27
479.736,12719,44,12719.25
479.99202,12323,44,12323.99
480.24702,12194,44,12194.65
480.50298,12338,44,12338.23
480.75798,12513,44,12513.39
481.014,12731,44,12731.04
481.269,12856,44,12856.73
481.52502,12698,44,12698.02
481.78002,12483,44,12483.46
482.03598,12477,44,12477.62
482.29098,12637,44,12637.78
482.547,12721,44,12721.45
482.802,12580,44,12580.21
483.05802,12445,44,12445.17
483.31302,12467,44,12467.23
483.56898,12478,44,12478.16
483.82398,12595,44,12595.12
484.08,13014,44,13014.61
484.335,13362,44,13362.84
484.59102,13217,44,13217.99
484.84602,12767,44,12767.7
485.10198,12407,44,12407
485.35698,12282,44,12282.47
485.613,12424,44,12424.55
485.868,12737,44,12737.87
486.12402,13009,44,13009.79
486.37902,13060,44,13060.3
486.63402,12691,44,12691.7
486.88998,12083,44,12083.97
487.146,11882,44,11882.18
487.401,12254,44,12254.78
487.65702,12756,44,12756.89
487.91202,13019,44,13019.63
488.16798,12976,44,12976.15
488.42298,12892,44,12892.07
488.679,12993,44,12993.62
488.934,13225,44,13225.06
489.189,13532,44,13532.97
489.44502,13708,44,13708.96
489.70098,13493,44,13493.65
489.95598,13117,44,13117.68
490.212,12948,44,12948.57
490.467,13050,44,13050.81
490.72302,13331,44,13331.97
490.97802,13540,44,13540.61
491.23398,13435,44,13435.48
491.48898,13099,44,13099.02
491.74398,12843,44,12843.77
492,12846,44,12846.99
492.25602,12944,44,12944.25
492.51102,12907,44,12907.97
492.76698,12732,44,12732.86
493.02198,12521,44,12521.44
493.278,12401,44,12401.86
493.533,12376,44,12376.22
493.78902,12371,44,12371.87
494.04402,12564,44,12564.29
494.29998,12993,44,12993.12
494.55498,13318,44,13318.55
494.811,13425,44,13425.58
495.066,13353,44,13353.56
495.32202,13115,44,13115.75
495.57702,13028,44,13028.66
495.83298,13243,44,13243.32
496.08798,13397,44,13397.03
496.344,13278,44,13278.42
496.599,13066,44,13066.97
496.85502,12911,44,12911.41
497.11002,12805,44,12805.77
497.36598,12757,44,12757.07
497.62098,12810,44,12810.46
499.20702,12828,44,12828.83
499.43202,12745,44,12745.76
499.659,12616,44,12616.78
499.88598,12545,44,12545.51
500.11302,12578,44,12578.62
500.36802,12603,44,12603.65
500.62398,12577,44,12577.68
500.88,12616,44,12616.7
501.135,12677,44,12677.89
501.39,12666,44,12666.61
501.645,12639,44,12639.51
501.90102,12623,44,12623.75
502.15698,12665,44,12665.82
502.41198,12845,44,12845.71
502.66698,13002,44,13002.11
502.92198,12946,44,12946.15
503.178,12811,44,12811.62
503.43402,12722,44,12722.88
503.68902,12614,44,12614.05
503.94402,12531,44,12531.85
504.19902,12488,44,12488.47
504.45498,12435,44,12435.46
504.711,12562,44,12562.77
504.966,12854,44,12854.15
505.221,12936,44,12936.65
505.476,12709,44,12709.99
505.73202,12347,44,12347.49
505.98798,12029,44,12029.15
506.24298,11963,44,11963.16
506.49798,12153,44,12153.66
506.75298,12379,44,12379.61
507.009,12550,44,12550.03
507.26502,12700,44,12700.96
507.52002,12856,44,12856.74
507.77502,13130,44,13130.03
508.03098,13507,44,13507.62
508.28598,13688,44,13688.76
508.542,13565,44,13565.41
508.797,13413,44,13413.75
509.052,13406,44,13406.89
509.30802,13357,44,13357.53
509.56302,13157,44,13157.5
509.81898,13033,44,13033.66
510.07398,13037,44,13037.23
510.32898,12978,44,12978.31
510.585,12939,44,12939.35
510.84,13043,44,13043.58
511.09602,13095,44,13095.71
511.35102,12929,44,12929.92
511.60602,12722,44,12722.52
511.86198,12698,44,12698.99
512.11698,12770,44,12770.24
512.373,12781,44,12781.46
512.628,12761,44,12761.33
512.883,12772,44,12772.99
513.13902,12927,44,12927.4
513.39402,13264,44,13264.98
513.64998,13480,44,13480.89
513.90498,13298,44,13298.59
514.161,13019,44,13019.96
514.416,13045,44,13045.4
514.67202,13068,44,13068.96
514.92702,12783,44,12783.19
515.18298,12704,44,12704.27
515.43798,13023,44,13023.37
515.69298,13142,44,13142.07
515.949,12934,44,12934.58
516.204,12796,44,12796.43
516.46002,12919,44,12919.95
516.71502,13285,44,13285.7
516.97002,13612,44,13612.09
517.22598,13627,44,13627.43
517.482,13479,44,13479.25
517.737,13252,44,13252.06
517.992,12896,44,12896.4
518.24802,12693,44,12693.14
518.50302,12907,44,12907.79
518.75898,13287,44,13287.96
519.01398,13399,44,13399.3
519.27,13222,44,13222.4
519.525,13017,44,13017.64
519.78102,12849,44,12849.35
520.03602,12780,44,12780.07
520.29102,13022,44,13022.5
520.54698,13428,44,13428.76
520.80198,13640,44,13640.81
521.058,13725,44,13725.44
521.313,13917,44,13917.42
521.56902,14032,44,14032.51
523.15398,13607,44,13607.57
523.38,13445,44,13445.73
523.60698,13492,44,13492.6
523.83402,13776,44,13776.95
524.05998,13918,44,13918.5
524.316,13664,44,13664.54
524.571,13409,44,13409.1
524.82702,13482,44,13482.28
525.08202,13771,44,13771.31
525.33798,14019,44,14019.19
525.59298,14042,44,14042.52
525.849,13955,44,13955.42
526.104,13792,44,13792.67
526.36002,13350,44,13350.75
526.61502,12814,44,12814.36
526.87002,12585,44,12585.95
527.12598,12761,44,12761.84
527.38098,13128,44,13128.46
527.637,13262,44,13262.33
527.892,13105,44,13105.02
528.147,13155,44,13155.85
528.40302,13583,44,13583.59
528.65898,13914,44,13914.7
528.91398,13694,44,13694.62
529.16898,13163,44,13163.41
529.425,12998,44,12998.72
529.68,13212,44,13212.89
529.93602,13237,44,13237.11
530.19102,13072,44,13072.95
530.44698,13155,44,13155
530.70198,13460,44,13460.31
530.958,13554,44,13554.76
531.213,13188,44,13188.62
531.468,12811,44,12811.47
531.72402,13032,44,13032.53
531.97902,13457,44,13457.58
532.23498,13370,44,13370.92
532.48998,13101,44,13101.47
532.746,13203,44,13203.31
533.001,13392,44,13392.56
533.256,13368,44,13368.12
533.51202,13328,44,13328.65
533.76702,13329,44,13329.52
534.02298,13283,44,13283.63
534.27798,13319,44,13319.49
534.53298,13372,44,13372.98
534.789,13195,44,13195.64
535.04502,12968,44,12968.95
535.30002,13086,44,13086.61
535.55502,13520,44,13520.99
535.81098,13918,44,13918.75
536.06598,14034,44,14034.59
536.322,13934,44,13934.54
536.577,13840,44,13840.73
538.16298,13942,44,13942.02
538.38798,13600,44,13600.81
538.61502,13448,44,13448.89
538.842,13427,44,13427.25
539.06898,13402,44,13402.14
539.32398,13347,44,13347.46
539.58,13301,44,13301.04
539.835,13367,44,13367.16
540.09102,13448,44,13448.94
540.34602,13369,44,13369.38
540.60102,13242,44,13242.91
540.85698,13178,44,13178.97
541.113,13187,44,13187.43
541.368,13329,44,13329.72
541.623,13520,44,13520.13
541.87902,13694,44,13694.09
542.13402,13882,44,13882.86
542.38998,13994,44,13994.64
542.64498,13977,44,13977.27
542.89998,13750,44,13750.21
543.156,13344,44,13344.53
543.41202,13219,44,13219.37
543.66702,13519,44,13519.73
543.92202,13756,44,13756.93
544.17798,13703,44,13703.94
544.43298,13659,44,13659.36
544.689,13830,44,13830.75
544.944,13947,44,13947.48
545.20002,13752,44,13752.43
545.45502,13607,44,13607.57
545.71002,13861,44,13861.07
545.96598,14145,44,14145.3
546.22098,14102,44,14102.79
546.477,13978,44,13978.02
546.732,13931,44,13931.16
546.987,13780,44,13780.71
547.24302,13552,44,13552.82
547.49898,13435,44,13435.66
547.75398,13426,44,13426.58
548.00898,13423,44,13423.4
548.265,13485,44,13485.16
548.52,13694,44,13694.42
548.77602,13837,44,13837.77
549.03102,13722,44,13722.33
549.28698,13559,44,13559.99
549.54198,13694,44,13694.09
549.798,14269,44,14269
550.053,14964,44,14964.78
550.308,15189,44,15189.28
550.56402,14945,44,14945.85
550.81902,14638,44,14638.59
551.07498,14291,44,14291.75
551.32998,13894,44,13894.4
551.586,13664,44,13664.04
551.841,13672,44,13672.43
552.096,13743,44,13743.23
552.35202,13645,44,13645.17
552.60798,13527,44,13527.34
552.86298,13717,44,13717.72
553.11798,13929,44,13929.94
553.374,13850,44,13850.07
553.629,13772,44,13772.59
553.88502,13864,44,13864.75
554.14002,13922,44,13922.07
554.39502,13774,44,13774.7
554.65098,13522,44,13522.49
554.907,13526,44,13526.23
555.162,13798,44,13798.4
555.417,13934,44,13934.38
555.67302,13828,44,13828.83
555.92802,13585,44,13585.75
556.18398,13325,44,13325.35
556.43898,13300,44,13300
556.695,13458,44,13458.45
556.95,13420,44,13420.2
557.205,13217,44,13217.89
557.46102,13285,44,13285.3
557.71698,13601,44,13601.86
557.97198,13671,44,13671.54
558.22698,13448,44,13448.49
558.483,13433,44,13433.96
558.738,13793,44,13793.69
558.99402,14094,44,14094.59
559.24902,14022,44,14022.77
559.50402,13884,44,13884.74
559.75998,14003,44,14003.37
560.016,14077,44,14077.73
560.271,13808,44,13808.52
560.526,13578,44,13578.35
560.78202,13741,44,13741.31
561.03702,13969,44,13969.99
561.29298,13950,44,13950.42
561.54798,13901,44,13901.04
561.804,13993,44,13993.39
562.059,14014,44,14014.16
562.314,13865,44,13865.45
562.57002,13851,44,13851.19
562.82502,14189,44,14189.3
563.08098,14481,44,14481.3
563.33598,14296,44,14296.44
563.59098,13984,44,13984.58
563.847,14019,44,14019.45
564.102,14197,44,14197.44
564.35802,14217,44,14217.66
564.61302,14180,44,14180.65
564.86898,14134,44,14134.19
565.12398,13994,44,13994.92
565.38,13894,44,13894.3
565.635,13911,44,13911.25
565.89,13849,44,13849.96
566.14602,13680,44,13680.79
566.40102,13727,44,13727.38
566.65698,14148,44,14148.38
566.91198,14555,44,14555.11
567.16698,14582,44,14582.86
567.423,14439,44,14439.12
567.678,14301,44,14301.25
567.93402,14127,44,14127.67
568.18902,14099,44,14099.49
568.44402,14186,44,14186.21
568.69998,14154,44,14154.4
568.95498,14142,44,14142.73
569.211,14235,44,14235.47
569.466,14259,44,14259.04
569.721,14294,44,14294.02
569.97702,14401,44,14401.96
570.23202,14347,44,14347.21
570.48798,14127,44,14127.81
570.74298,13955,44,13955.75
570.99798,13837,44,13837.35
571.254,13770,44,13770.38
571.509,13873,44,13873.9
571.76502,14077,44,14077.2
572.02002,14132,44,14132.77
572.27502,14034,44,14034.95
572.53098,14022,44,14022.45
572.78598,14170,44,14170.48
573.042,14307,44,14307.83
573.297,14321,44,14321.04
573.552,14282,44,14282.17
573.80802,14257,44,14257.41
574.06302,14210,44,14210.64
574.31898,14214,44,14214.49
574.57398,14321,44,14321.83
574.82898,14233,44,14233.86
575.085,13929,44,13929.77
575.34,13930,44,13930.08
575.59602,14373,44,14373.89
575.85102,14830,44,14830.42
576.10602,14933,44,14933.13
576.36198,14654,44,14654.5
576.61698,14255,44,14255.75
576.873,13972,44,13972.51
577.128,13891,44,13891.78
577.383,14020,44,14020.11
577.63902,14116,44,14116.08
577.89402,14012,44,14012.04
578.14998,14001,44,14001.7
578.40498,14314,44,14314.4
578.65998,14704,44,14704.61
578.916,15002,44,15002.5
579.171,15128,44,15128.97
579.42702,14878,44,14878.11
579.68202,14660,44,14660.71
579.93702,14961,44,14961.95
580.19298,15126,44,15126.6
580.44798,14611,44,14611.99
580.704,14086,44,14086.96
580.959,14051,44,14051.85
581.214,14249,44,14249.28
581.47002,14543,44,14543.42
581.72502,14929,44,14929.97
581.98098,15123,44,15123.23
582.23598,15018,44,15018.56
582.49098,14912,44,14912.94
582.747,14874,44,14874.65
583.002,14728,44,14728.04
583.25802,14513,44,14513.56
583.51302,14299,44,14299.4
583.76802,14080,44,14080.21
584.02302,14073,44,14073.76
584.27898,14456,44,14456.46
584.535,14948,44,14948.21
584.79,15148,44,15148.77
585.045,15035,44,15035.38
585.30102,14776,44,14776.42
585.55602,14422,44,14422.01
585.81198,14148,44,14148.92
586.06698,14243,44,14243.15
586.32198,14559,44,14559.4
586.57698,14657,44,14657.87
586.833,14513,44,14513.61
587.08902,14493,44,14493.15
587.34402,14661,44,14661.99
587.59902,14796,44,14796.46
587.85402,14816,44,14816.69
588.10998,14763,44,14763.63
588.366,14683,44,14683.16
588.621,14549,44,14549.38
588.876,14339,44,14339.7
589.131,14211,44,14211.7
589.38702,14317,44,14317.04
589.64298,14562,44,14562.05
589.89798,14777,44,14777.65
590.15298,14904,44,14904.18
590.409,14999,44,14999.47
590.664,15065,44,15065.66
590.92002,14934,44,14934.49
591.17502,14577,44,14577.56
591.43002,14342,44,14342.46
591.68598,14383,44,14383.39
591.94098,14349,44,14349.69
592.197,14205,44,14205.26
592.452,14269,44,14269.38
592.70802,14383,44,14383.32
592.96302,14266,44,14266.94
593.21898,14194,44,14194.57
593.47398,14426,44,14426.15
593.72898,14723,44,14723.65
593.985,14869,44,14869.85
594.24,14919,44,14919.53
594.49602,14867,44,14867.01
594.75102,14613,44,14613.18
595.00698,14366,44,14366.1
595.26198,14461,44,14461.85
595.51698,14708,44,14708.62
595.773,14722,44,14722.14
596.028,14640,44,14640.89
596.28402,14728,44,14728.44
596.53902,14782,44,14782.75
596.79402,14545,44,14545.37
597.04998,14174,44,14174.5
597.306,13997,44,13997.74
597.561,14155,44,14155.99
597.816,14516,44,14516.38
598.07202,14692,44,14692.51
598.32702,14543,44,14543.1
598.58298,14595,44,14595.91
598.83798,15089,44,15089.71
599.09298,15405,44,15405.68
