"Country","Continent","Count"
"Others","Other",1636
"Argentina","Americas",103
"Australia","Oceania",1267
"Austria","Europe",243
"Belgium","Europe",353
"Brazil","Americas",462
"Canada","Americas",1663
"Chile","Americas",111
"China","Asia",17242
"Croatia","Europe",202
"Czech Republic","Europe",495
"Denmark","Europe",140
"Egypt","Africa",310
"Finland","Europe",146
"France","Europe",1693
"Germany","Europe",2771
"Greece","Europe",238
"Hungary","Europe",130
"India","Asia",3155
"Indonesia","Asia",105
"Iran","Asia",733
"Israel","Asia",531
"Italy","Europe",1127
"Japan","Asia",2198
"Korea South","Asia",1183
"Malaysia","Asia",203
"Mexico","Americas",150
"Netherlands","Europe",570
"Norway","Europe",283
"Pakistan","Asia",136
"Poland","Europe",930
"Portugal","Europe",204
"Puerto Rico","Americas",125
"Romania","Europe",265
"Russia","Europe",4630
"Saudi Arabia","Asia",216
"Serbia","Europe",123
"Singapore","Asia",332
"Slovakia","Europe",119
"Slovenia","Europe",106
"South Africa","Africa",363
"Spain","Europe",664
"Sweden","Europe",546
"Switzerland","Europe",403
"Taiwan","Asia",474
"Thailand","Asia",103
"Turkey","Asia",562
"UK","Europe",3247
"USA","Americas",17636
"Ukraine","Europe",592
